"PKD";"NAZWA_PKD";"Data";"Liczba_jednostek_gospodarczych";"Liczba_rentownych_jednostek_gospodarczych";"Przychody_netto";"Zysk_netto";"Sprzedaz";"Koszty";"Odsetki";"Naklady_inwestycyjne";"Srodki_pieniezne_pap_wart";"Zobowiazania_dlugoterminowe";"Zobowiazania_krotkoterminowe";"Krotko_terminowe_kredyty_bankowe";"Dlugo_terminowe_kredyty_bankowe";"Zapasy";"Dynamika_liczba_jednostek_gospodarczych";"Dynamika_liczba_rentownych_jednostek_gospodarczych";"Dynamika_przychody_netto";"Dynamika_zysk_netto";"Dynamika_sprzedaz";"Dynamika_koszty";"Dynamika_odsetki";"Dynamika_naklady_inwestycyjne";"Dynamika_zobowiazania_krotkoterminowe";"Dynamika_zobowiazania_dlugoterminowe";"Dynamika_srodki_pieniezne_pap_wart";"Dynamika_krotko_terminowe_kredyty_bankowe";"Dynamika_dlugo_terminowe_kredyty_bankowe";"Dynamika_zapasy"
"1";"UPRAWY ROLNE, CHOW I HODOWLA ZWIERZAT, LOWIECTWO, WLACZAJAC DZIALALNOSC USLUGOWA";"2022";753;661;26600,69;3007,53;2549,74;25906,33;259,28;1185,93;2143,47;3115,11;5455,34;1549,09;2582,96;6862,25;-3,46153846153846;-2,36336779911374;20,4530820246098;115,777616748337;312,2990847644;15,3409116205846;89,6014625228519;17,2899091097902;-0,335786266012883;-4,1135821469796;7,25662388350972;0,990286198578771;-3,88485353655632;36,4145084724199
"1";"UPRAWY ROLNE, CHOW I HODOWLA ZWIERZAT, LOWIECTWO, WLACZAJAC DZIALALNOSC USLUGOWA";"2023";733;603;30252,39;2764,13;2093,64;29145,78;296,92;1312,81;2856,71;2928,87;5305,31;1452,51;2319,69;6227,05;-2,65604249667994;-8,77458396369137;13,7278393906324;-8,09301985350105;-17,8880983943461;12,5044728450537;14,5171243443382;10,698776487651;-2,7501493949048;-5,97860107668751;33,2750166785633;-6,23462807196483;-10,1925697649209;-9,25643921454333
"1";"UPRAWY ROLNE, CHOW I HODOWLA ZWIERZAT, LOWIECTWO, WLACZAJAC DZIALALNOSC USLUGOWA";"2024";732;594;29762,5;3131,09;2108,81;28529,98;250,62;1659,75;3522,23;3080,55;5030,12;1189,1;2490,34;5931,71;-0,136425648021832;-1,49253731343284;-1,61934313288966;13,2757865946971;0,724575380676717;-2,11282731153533;-15,5934258386097;26,4272819372186;-5,18706729672726;5,17878908930749;23,2967294545124;-18,1348149066099;7,35658644042954;-4,74285576637413
"2";"LESNICTWO I POZYSKIWANIE DREWNA";"2022";491;479;15075,95;1098,31;897,73;15236,31;9,24;24,95;4775,92;54,6;2917,55;22,39;42,16;401;0,204081632653064;7,88288288288288;48,4142578967161;44,5677354814932;82,3468475788105;41,4827904488988;-18,2300884955752;27,6214833759591;71,0029657589647;-13,2093466857415;56,0906098944018;11,5595416043847;-17,3171210041185;37,5218628896739
"2";"LESNICTWO I POZYSKIWANIE DREWNA";"2023";498;475;14306,42;766,27;737,39;15830,19;6,59;30,71;4471,9;56,72;2307,14;28,47;39,55;559,15;1,42566191446027;-0,835073068893533;-5,10435494943934;-30,2319017399459;-17,8606039677854;3,897794150946;-28,6796536796537;23,0861723446894;-20,9220064780381;3,88278388278387;-6,36568451732861;27,1549799017419;-6,19070208728653;39,4389027431421
"2";"LESNICTWO I POZYSKIWANIE DREWNA";"2024";508;451;12970,56;778,73;250,23;14766,11;6,25;61,89;3503,61;71,12;2269,67;32,84;38,34;494,87;2,00803212851406;-5,05263157894736;-9,33748624743298;1,62605869993606;-66,0654470497295;-6,72183972523387;-5,15933232169954;101,530446108759;-1,62408869856184;25,3878702397743;-21,652765043941;15,3494906919565;-3,05941845764853;-11,4960207457748
"3";"RYBACTWO";"2022";28;23;272,79;37,98;22,61;264,12;3,55;16,43;135,31;53,52;52,38;12,54;47,46;46,99;-12,5;-11,5384615384615;3,92000000000001;13,9855942376951;81,3151563753007;0,48698828184448;46,0905349794239;-63,8503850385039;-18,4620174346202;-29,901768172888;8,09234702029078;22,3414634146341;-19,6410430071114;5,21719659650695
"3";"RYBACTWO";"2023";26;23;331,97;67,46;23,5;319,83;1,64;21,38;163,93;47,59;64,12;6,08;43,08;49,11;-7,14285714285714;0;21,6943436342975;77,6197998946814;3,93631136665193;21,0926851431168;-53,8028169014084;30,1278149726111;22,4131347842688;-11,0799701046338;21,1514300495159;-51,5151515151515;-9,22882427307207;4,5115982123856
"3";"RYBACTWO";"2024";29;23;347,28;39,7;3,78;352,55;2,32;49,39;159,27;22,05;87,52;10,89;15,04;50,02;11,5384615384615;0;4,61186251769736;-41,1503112955826;-83,9148936170213;10,2304349185505;41,4634146341463;131,010289990645;36,4940736119775;-53,6667367093927;-2,84267675227231;79,1118421052632;-65,0882079851439;1,85298309916515
"5";"WYDOBYWANIE WEGLA KAMIENNEGO I WEGLA BRUNATNEGO (LIGNITU)";"2022";14;12;46093,36;9922,89;11667,02;39607,05;800,08;3878,94;5530,72;2818,41;12961,34;1365,87;1897,44;1409,27;0;50;68,7392738114065;-3384,96375012414;29429,2837256391;29,1380396422339;29,1076327255123;33,9029214693303;-19,6486479616982;-34,7605379505104;187,595484350706;-68,2910352128371;-43,3642265502574;18,5725223595534
"5";"WYDOBYWANIE WEGLA KAMIENNEGO I WEGLA BRUNATNEGO (LIGNITU)";"2023";14;10;45983,59;4846,75;7723,55;46862,93;496,93;6884,87;4646,51;4413,14;10979,6;486;2467,64;2254,31;0;-16,6666666666667;-0,238147099712416;-51,1558628585019;-33,8001477669533;18,3196678369129;-37,8899610038996;77,4935936106256;-15,2896228322072;56,5826121820459;-15,9872493997165;-64,4182828526873;30,0510161059111;59,9629595464318
"5";"WYDOBYWANIE WEGLA KAMIENNEGO I WEGLA BRUNATNEGO (LIGNITU)";"2024";14;6;32268,04;-12456,59;-6630,47;54658,9;493,06;6835,78;2896,72;5684,82;9183,32;198,82;3380,33;2109,73;0;-40;-29,8270535206146;-357,009129829267;-185,847440619922;16,6356862449702;-0,778781719759325;-0,71301273662393;-16,3601588400306;28,8157638325546;-37,6581563366914;-59,0905349794239;36,9863513316367;-6,41349237682484
"6";"GORNICTWO ROPY NAFTOWEJ I GAZU ZIEMNEGO";"2022";2;0;0;0;0;0;0;0;0;0;0;0;0;0;-33,3333333333333;0;0;0;0;0;0;0;0;0;0;0;0;0
"6";"GORNICTWO ROPY NAFTOWEJ I GAZU ZIEMNEGO";"2023";3;0;0;0;0;0;0;0;0;0;0;0;0;0;50;0;0;0;0;0;0;0;0;0;0;0;0;0
"6";"GORNICTWO ROPY NAFTOWEJ I GAZU ZIEMNEGO";"2024";2;0;0;0;0;0;0;0;0;0;0;0;0;0;-33,3333333333333;0;0;0;0;0;0;0;0;0;0;0;0;0
"7";"GORNICTWO RUD METALI";"2022";1;0;0;0;0;0;0;0;0;0;0;0;0;0;0;0;0;0;0;0;0;0;0;0;0;0;0;0
"7";"GORNICTWO RUD METALI";"2023";1;0;0;0;0;0;0;0;0;0;0;0;0;0;0;0;0;0;0;0;0;0;0;0;0;0;0;0
"7";"GORNICTWO RUD METALI";"2024";3;0;0;0;0;0;0;0;0;0;0;0;0;0;200;0;0;0;0;0;0;0;0;0;0;0;0;0
"8";"POZOSTALE GORNICTWO I WYDOBYWANIE";"2022";188;159;10002,3;1049,52;1193,11;9248,08;89,39;845,97;1394,43;913,49;2133,51;302,72;440,71;855,45;-0,529100529100535;-0,624999999999998;28,9102372433987;40,4942304088244;45,7144601856375;29,8562999699513;145,982388552559;39,7974022540239;24,1286020979875;1,39073876753684;15,5486870126534;7,91772129335855;-11,6831326025531;35,2703984819734
"8";"POZOSTALE GORNICTWO I WYDOBYWANIE";"2023";185;161;10950,4;1238,27;1373,48;10012,5;114,19;1017,49;1594,63;884,97;2206,47;305,01;474,32;877,73;-1,59574468085106;1,25786163522013;9,47881987142958;17,9844119216404;15,1176337470979;8,26571569450092;27,7435954804788;20,2749506483682;3,4197168047021;-3,12209219586421;14,3571208307337;0,756474630021131;7,62633023984025;2,60447717575545
"8";"POZOSTALE GORNICTWO I WYDOBYWANIE";"2024";195;165;11884,35;1582,11;1692,83;10812,77;116,45;964,1;1955,09;1143,13;2509,69;334,35;641,21;894,6;5,40540540540539;2,48447204968945;8,52891218585623;27,7677727797653;23,2511576433585;7,99270911360799;1,97915754444347;-5,24722601696331;13,742312381315;29,1716103370736;22,6046167449502;9,61935674240191;35,1851071006915;1,92200334954942
"9";"DZIALALNOSC USLUGOWA WSPOMAGAJACA GORNICTWO I WYDOBYWANIE";"2022";59;36;2579,78;-1061,31;-29,95;5404,03;55,1;193,44;1116,78;472,47;1472,64;400,69;381,58;156,78;-4,83870967741935;5,88235294117647;21,7813696379764;465,157889131477;57,7976817702845;26,0597450826708;101,315308732189;-16,3936551843368;33,7207612959465;-12,2455423476969;-46,4271323035594;78,1715505358175;-19,0521648740958;7,70076251974996
"9";"DZIALALNOSC USLUGOWA WSPOMAGAJACA GORNICTWO I WYDOBYWANIE";"2023";72;58;3574,44;171,74;224,15;6247,3;68,56;190,82;1609,52;307,19;1610,92;483,42;190,09;145,19;22,0338983050848;61,1111111111111;38,5560008993015;-116,181888420914;-848,414023372287;15,6044655562608;24,4283121597096;-1,35442514474773;9,38993915688831;-34,9821152665778;44,1214921470657;20,6468841248846;-50,1834477697993;-7,39252455670366
"9";"DZIALALNOSC USLUGOWA WSPOMAGAJACA GORNICTWO I WYDOBYWANIE";"2024";64;52;3835,55;-178,49;301,29;6095,97;62,72;187,64;1340,99;246,66;1308,58;376,48;141,53;131,01;-11,1111111111111;-10,3448275862069;7,30492049104197;-203,930359846279;34,4144546062904;-2,42232644502425;-8,51808634772463;-1,66649198197254;-18,7681573262484;-19,7044174615059;-16,683856056464;-22,1215506185098;-25,5457940975327;-9,76651284523729
"10";"PRODUKCJA ARTYKULOW SPOZYWCZYCH";"2022";1950;1675;351410,85;14081,57;17086,99;355417,19;1949,38;11416,4;10954,36;17585,39;66341,52;16230,64;14330,77;38715,66;2,20125786163523;2,19646125686395;39,0713203701811;40,6656097943494;51,9105516862464;39,8575371578467;169,165872719992;19,0052526844564;28,1493467797564;12,6673475036263;2,61022696403983;6,11410183152388;19,1778748558175;46,8840176675148
"10";"PRODUKCJA ARTYKULOW SPOZYWCZYCH";"2023";1995;1679;365743,3;17654,6;22059,66;356754,69;2535,55;11901,95;15371,66;18899,81;61779,47;14318,48;15251,67;36751,78;2,3076923076923;0,238805970149247;4,07854509899168;25,3738041993897;29,1020829297612;0,376318320450397;30,0695605782351;4,25309204302584;-6,87661361994721;7,47450013903588;40,3245830883776;-11,7811743714358;6,42603293472717;-5,07257270055581
"10";"PRODUKCJA ARTYKULOW SPOZYWCZYCH";"2024";2003;1702;373494,55;16803,56;20162,76;364524,26;2570,64;13187,16;17907,21;20446,39;65599,96;14247,97;16598,8;38415,74;0,401002506265669;1,36986301369864;2,11931428408942;-4,82050003964971;-8,59895392766708;2,17784663181302;1,38392064838002;10,7983145618995;6,18407700810641;8,18304522638058;16,4949654103721;-0,492440538381167;8,83267209426901;4,52756301871637
"11";"PRODUKCJA NAPOJOW";"2022";115;87;42744,26;2010,48;2554,61;41223,3;391,66;1358,28;930,27;3871,22;10758,12;1394,78;2679,78;3594,53;-0,862068965517238;-6,45161290322581;14,3797457244327;611,674336283186;-12,6990202343646;9,79838879368344;19,1288742890167;10,8555665281938;-11,4066568615018;85,144338377365;-26,7302012365613;-48,6037924960756;92,1457559548564;19,6533427426335
"11";"PRODUKCJA NAPOJOW";"2023";110;91;45495,31;3133,65;3765,42;43141,07;417,31;1544,34;1313,46;3006,32;9772,44;989,83;2565,72;3298,19;-4,34782608695652;4,59770114942528;6,43606884292767;55,8657633997851;47,3970586508312;4,65215060414861;6,54904764336413;13,6982065553494;-9,16219562525795;-22,3417940597538;41,1912670515012;-29,0332525559586;-4,25631954861968;-8,24419326031498
"11";"PRODUKCJA NAPOJOW";"2024";108;92;46750,79;3605,53;4256,59;43711,63;352,16;1600,65;2140,5;1446,8;11713,51;2394,06;1087,29;3383,17;-1,81818181818182;1,09890109890109;2,75958115243089;15,0584781325292;13,0442287978499;1,32254485111287;-15,6118952337591;3,64621780177941;19,86269549877;-51,8747172623007;62,9665159197844;141,865774931049;-57,6224217763435;2,57656472186261
"12";"PRODUKCJA WYROBOW TYTONIOWYCH";"2022";12;9;21696,46;486,14;784,88;21391,64;133,27;338,74;63,99;1279,95;3631,83;380,88;1086,97;2154,26;0;-10;9,602049337052;-1,96616185041038;27,8264551643269;10,1973406304927;679,356725146199;-44,7307020835713;-16,4668324221383;248,874291321413;179,310344827586;-69,1565172324436;202,372871926115;12,3215533332638
"12";"PRODUKCJA WYROBOW TYTONIOWYCH";"2023";13;11;21959,95;654,43;786,56;21476,44;136,98;909,75;121,75;610,2;4079,65;427,59;418,47;2409,54;8,33333333333333;22,2222222222222;1,21443774698731;34,6175998683507;0,214045459178469;0,396416544033085;2,7838223155999;168,568813839523;12,3304229548189;-52,3262627446385;90,2641037662135;12,2637051039697;-61,5012373846564;11,8500088197339
"12";"PRODUKCJA WYROBOW TYTONIOWYCH";"2024";12;10;22958,25;610,01;821,18;21993,34;108,94;758,88;64,73;701,85;4442,48;1662;346,36;2522,08;-7,69230769230769;-9,09090909090909;4,54600306466999;-6,787586143667;4,40144426362896;2,4068234772616;-20,4701416265148;-16,5836768342951;8,89365509296138;15,0196656833825;-46,8336755646817;288,690100329755;-17,2318206800965;4,67060102758203
"13";"PRODUKCJA WYROBOW TEKSTYLNYCH";"2022";317;245;16082,99;602,97;587,5;16099,1;107,87;584,91;786,96;1258,33;4192,75;1598,56;1119,99;2952,46;-6,21301775147929;-9,25925925925926;9,9283479706338;-25,4294512670204;-29,5504418836113;11,9039824057643;119,918450560652;15,0559631764266;4,69311825809029;-6,26406042818195;-15,4679040989946;3,38436067079282;-6,30913243155069;2,37627126872013
"13";"PRODUKCJA WYROBOW TEKSTYLNYCH";"2023";332;259;15987,32;893,34;950,93;15666,28;146,25;474,34;988,1;1207,52;3585,37;1257,78;999,23;2696,16;4,73186119873816;5,71428571428572;-0,594852076635;48,1566247076969;61,8604255319149;-2,68847326869204;35,5798646518958;-18,9037629720812;-14,486434917417;-4,03789149110328;25,5591135508793;-21,3179361425283;-10,7822391271351;-8,68089660825211
"13";"PRODUKCJA WYROBOW TEKSTYLNYCH";"2024";350;254;15110,67;797,64;933,96;14766,41;138,51;444,25;1247,79;954,73;3777,8;1413,88;779,82;2731,93;5,42168674698795;-1,93050193050193;-5,48340810091997;-10,7126066223386;-1,7845687905524;-5,74399283046135;-5,2923076923077;-6,34355103933887;5,3670890312576;-20,9346429044653;26,2817528590224;12,4107554580292;-21,9579075888434;1,32670167942555
"14";"PRODUKCJA ODZIEZY";"2022";304;241;5320,23;330,89;384,31;5134;46;101,89;492,59;202,34;1433,76;428,85;166,21;1359,44;3,05084745762711;9,0497737556561;10,2661195050675;-18,3310297166552;23,8112113402062;10,1180326321727;177,777777777778;1,60550458715596;27,6734432185505;-1,70989993199262;-9,02391725921139;42,3426712692512;-4,27345504809076;14,7603812289484
"14";"PRODUKCJA ODZIEZY";"2023";310;232;5948,37;553,67;477,48;5681,62;45,96;103,04;677,82;308,7;1345,86;383,21;178,33;1396,06;1,97368421052631;-3,73443983402489;11,806632420027;67,3275106530871;24,2434492987432;10,6665368134009;-0,0869565217391233;1,12866817155757;-6,13073317710078;52,5649896214293;37,6032806187702;-10,6424157630873;7,29198002526923;2,69375625257458
"14";"PRODUKCJA ODZIEZY";"2024";302;203;5981,34;375,7;456,29;5607,36;33,13;122,99;932,79;223,33;1295,49;329,63;165,89;1273,65;-2,58064516129032;-12,5;0,55426948895243;-32,1436957032167;-4,43788221496189;-1,30702158891303;-27,9155787641427;19,3614130434782;-3,74258838214969;-27,654680919987;37,6161812870673;-13,9818898254221;-6,97583132395;-8,76824778304657
"15";"PRODUKCJA SKOR I WYROBOW ZE SKOR WYPRAWIONYCH";"2022";89;71;3694,67;109,53;132,97;3721,86;16,74;0;330,87;320,36;913,96;258,48;252,91;984,93;1,13636363636365;-2,73972602739726;5,21808716651857;-64,5740345429847;-48,9754412893323;9,94992688438872;92,4137931034483;0;42,0825171781239;-7,76494975959461;-13,6312615834399;125,137183172198;-8,43892549417132;20,4070904645477
"15";"PRODUKCJA SKOR I WYROBOW ZE SKOR WYPRAWIONYCH";"2023";87;0;0;0;0;0;0;0;0;0;0;0;0;0;-2,24719101123596;0;0;0;0;0;0;0;0;0;0;0;0;0
"15";"PRODUKCJA SKOR I WYROBOW ZE SKOR WYPRAWIONYCH";"2024";82;0;0;0;0;0;0;0;0;0;0;0;0;0;-5,74712643678161;0;0;0;0;0;0;0;0;0;0;0;0;0
"16";"PRODUKCJA WYROBOW Z DREWNA ORAZ KORKA, Z WYLACZENIEM MEBLI, PRODUKCJA WYROBOW ZE SLOMY I MATERIALOW UZYWANYCH DO WYPLATANIA";"2022";704;631;51074,3;5233,46;5551,9;47595,56;303,95;2436,83;3244,9;5455,07;8543,59;2205,54;4684,02;6877,35;7,64525993883791;3,7828947368421;23,3451717340915;17,5524817947808;11,2306514883779;25,7296433699955;68,7205106855398;32,6982035210769;22,0516344332413;-5,11601614137619;8,28280536191599;8,32711198428291;-5,70308678137664;29,2973141668954
"16";"PRODUKCJA WYROBOW Z DREWNA ORAZ KORKA, Z WYLACZENIEM MEBLI, PRODUKCJA WYROBOW ZE SLOMY I MATERIALOW UZYWANYCH DO WYPLATANIA";"2023";707;547;42071,04;2344,25;2247,17;41090,06;457,6;2744,65;3409,59;5878,73;8144,5;2136,77;4865,19;6201,67;0,426136363636354;-13,3122028526149;-17,6277697393797;-55,2064981866681;-59,5243069940021;-13,6682917482219;50,5510774798487;12,6319849969017;-4,67122134840272;7,76635313570677;5,07534900921447;-3,11805725581944;3,86783147808931;-9,8247144612387
"16";"PRODUKCJA WYROBOW Z DREWNA ORAZ KORKA, Z WYLACZENIEM MEBLI, PRODUKCJA WYROBOW ZE SLOMY I MATERIALOW UZYWANYCH DO WYPLATANIA";"2024";683;455;39245,55;1343,39;1416,01;39081,13;490,37;1893,37;2869,7;5409,67;7488,13;2122,65;4561,37;6068,15;-3,39462517680339;-16,819012797075;-6,71599751277838;-42,6942518929295;-36,9869658281305;-4,88908996482361;7,16127622377623;-31,0159765361704;-8,05905826017558;-7,97893422558953;-15,8344551690966;-0,660810475624418;-6,24477152999163;-2,15296847462055
"17";"PRODUKCJA PAPIERU I WYROBOW Z PAPIERU";"2022";437;389;69775,77;5892,24;7244,32;65386,82;518,25;3563,49;3722,25;5324,89;16419,57;5362,86;4492,95;8147,54;1,86480186480187;-2,01511335012594;30,6087338701632;22,3413333665544;35,3165434164984;33,1244310786454;163,700198442986;6,17411590843406;30,1748844687465;27,8641562352173;77,0434493091394;102,052603619183;22,2917505906433;39,4252916836366
"17";"PRODUKCJA PAPIERU I WYROBOW Z PAPIERU";"2023";456;397;61083,44;4304,95;4619,8;57643,75;706,65;4045,08;4120,4;6579,67;14925,83;5595,72;5869,05;6392,4;4,34782608695652;2,05655526992288;-12,457519279257;-26,9386515145344;-36,228659142611;-11,8419430704842;36,3531114327062;13,5145601643333;-9,09731497231657;23,5644304389386;10,6964873396467;4,34208612568667;30,6279838413515;-21,5419623591906
"17";"PRODUKCJA PAPIERU I WYROBOW Z PAPIERU";"2024";456;360;59860,42;3665,73;4111,43;57708,79;872,12;3600,26;4315,07;7796,64;15082,14;5461,89;6841,67;6516,66;0;-9,3198992443325;-2,00221205616449;-14,8484883680414;-11,0041560240703;0,112830966063115;23,416118304677;-10,996568671077;1,04724494383226;18,495912408981;4,72454130666926;-2,39164933198944;16,5720176178428;1,94387084663037
"18";"POLIGRAFIA I REPRODUKCJA ZAPISANYCH NOSNIKOW INFORMACJI";"2022";325;264;15316,52;867,13;1012,53;14738,99;111,51;689,64;1230,92;1414,79;3470,32;795,86;1145,05;1628,58;1,24610591900312;-1,49253731343284;22,3336858281125;15,6404614256185;15,6582329087898;22,346541688664;82,8332513526808;-0,714080046069687;13,3595092345182;-6,27612568150352;14,3807612250966;20,4589141654936;-4,33522148144436;22,3567065611828
"18";"POLIGRAFIA I REPRODUKCJA ZAPISANYCH NOSNIKOW INFORMACJI";"2023";329;255;15710,36;1004,2;1113,89;14907,33;155,42;774,55;1436,56;1568,24;3240,91;552,05;1216,6;1410,22;1,23076923076924;-3,40909090909091;2,57134127073251;15,8073183951657;10,0105675881209;1,14214067585363;39,3776342928885;12,3122208688591;-6,61062956730216;10,8461326415935;16,7062034900725;-30,6347850124394;6,24863543076721;-13,4079996070196
"18";"POLIGRAFIA I REPRODUKCJA ZAPISANYCH NOSNIKOW INFORMACJI";"2024";347;266;15601,99;721,16;899,48;15237,61;156,64;585,39;1431,78;1384,46;3477,35;720,84;1053,85;1549,71;5,47112462006079;4,31372549019609;-0,689799597208474;-28,1856203943438;-19,2487588541059;2,21555436151208;0,784969759361731;-24,4219224065587;7,29548182454929;-11,7188695607815;-0,332739321712983;30,5751290643964;-13,3774453394707;9,89136446795536
"19";"WYTWARZANIE I PRZETWARZANIE KOKSU I PRODUKTOW RAFINACJI ROPY NAFTOWEJ";"2022";38;34;279884,16;20906,16;32295,57;283372,8;542,28;0;7897,72;10795,15;45911,26;4725,75;2828,36;22604,99;11,7647058823529;13,3333333333333;69,6852896353524;71,2753468123089;235,902735018555;63,725535228491;41,524649633322;0;78,0592501006428;-23,2520624610756;65,0326503745651;241,799205849806;-55,9313002195364;26,8291629215438
"19";"WYTWARZANIE I PRZETWARZANIE KOKSU I PRODUKTOW RAFINACJI ROPY NAFTOWEJ";"2023";38;0;0;0;0;0;0;0;0;0;0;0;0;0;0;0;0;0;0;0;0;0;0;0;0;0;0;0
"19";"WYTWARZANIE I PRZETWARZANIE KOKSU I PRODUKTOW RAFINACJI ROPY NAFTOWEJ";"2024";36;0;0;0;0;0;0;0;0;0;0;0;0;0;-5,26315789473685;0;0;0;0;0;0;0;0;0;0;0;0;0
"20";"PRODUKCJA CHEMIKALIOW I WYROBOW CHEMICZNYCH";"2022";541;447;121981,07;7738,82;10150,76;117520,88;913,38;6211,05;7493,01;10232,13;31307,03;7849,77;8459,3;16890,38;4,84496124031009;0;38,1293902520777;2,33136881802469;17,6755088649975;41,2847826416258;167,320299695622;5,71910026297648;14,7156679606229;-10,5446200249164;-7,61380575622062;25,3112119306155;-12,5238743755435;28,6616518443755
"20";"PRODUKCJA CHEMIKALIOW I WYROBOW CHEMICZNYCH";"2023";557;452;102101,3;762,5;3210,33;103916,74;1420,2;6422;7542,37;9029,74;33726,65;10505,16;6732,3;14561;2,95748613678373;1,11856823266219;-16,2974222147748;-90,1470766861098;-68,3735010974548;-11,5759344211854;55,4884057018985;3,39636615387091;7,72867946911604;-11,7511212230494;0,658747285803707;33,8276153314046;-20,4154008014848;-13,7911639643395
"20";"PRODUKCJA CHEMIKALIOW I WYROBOW CHEMICZNYCH";"2024";573;473;100344,58;3432,25;5096,49;100776,23;1652,2;4742,21;7141,26;9124,55;33997,11;11560,1;6739,37;14579,37;2,87253141831239;4,64601769911503;-1,72056575185625;350,131147540984;58,752838493239;-3,02214060987672;16,3357273623433;-26,1568047337278;0,801917771258043;1,0499748608487;-5,3180896720792;10,0421126379798;0,105016116334689;0,126158917656749
"21";"PRODUKCJA PODSTAWOWYCH SUBSTANCJI FARMACEUTYCZNYCH ORAZ LEKOW I POZOSTALYCH WYROBOW FARMACEUTYCZNYCH";"2022";87;72;22138,9;2968,8;3299,8;21191,94;199,69;893,09;1462,39;2386,03;5123,31;760,33;2039,34;4909,53;-3,33333333333333;-1,36986301369864;28,12389860926;20,0528931501753;32,6072978620801;33,4980855897001;204,266341612068;17,6062365846271;34,2871521470752;1,35894037484496;-17,4206190107799;-1,9333952432544;1,57998027515167;46,181353691507
"21";"PRODUKCJA PODSTAWOWYCH SUBSTANCJI FARMACEUTYCZNYCH ORAZ LEKOW I POZOSTALYCH WYROBOW FARMACEUTYCZNYCH";"2023";88;70;25124,04;3318,76;3398,58;23293,34;303,44;1444,62;1815,68;1438,86;7262,74;2102,52;1186,07;5064,27;1,14942528735633;-2,77777777777778;13,4836870847242;11,7879277822689;2,99351475847021;9,91603411485689;51,9555310731634;61,7552542296969;41,7587458108137;-39,6964832797576;24,1583982385;176,527297357726;-41,8404974158306;3,15182919749957
"21";"PRODUKCJA PODSTAWOWYCH SUBSTANCJI FARMACEUTYCZNYCH ORAZ LEKOW I POZOSTALYCH WYROBOW FARMACEUTYCZNYCH";"2024";89;69;25374,57;3678,96;3679,35;23141,87;218,51;1224,14;2061,41;1976,43;5509,77;863,71;1687,35;4919,7;1,13636363636365;-1,42857142857142;0,997172429274906;10,8534512890357;8,26139152234169;-0,650271708565631;-27,9890587925125;-15,2621450623693;-24,136482925177;37,3608273216296;13,53377247092;-58,9202480832525;42,2639473218275;-2,85470561403718
"22";"PRODUKCJA WYROBOW Z GUMY I TWORZYW SZTUCZNYCH";"2022";1332;1131;140766,68;8381,45;10337,26;135559,92;908,13;6637,46;7365,39;10790,36;33848,33;8283,58;8525,5;20231,06;2,85714285714285;0,177147918511955;20,639034302762;4,24766851493918;12,5629114698689;21,6028004901073;120,478768603268;14,1117795011888;22,3025890043645;3,83703037925716;20,8592118066552;47,773034513639;8,49066207872462;19,1115439120587
"22";"PRODUKCJA WYROBOW Z GUMY I TWORZYW SZTUCZNYCH";"2023";1346;1132;133003,65;8859,4;10128,51;126404,79;1290,14;8114,36;9677;11223,6;29863,44;6255,64;7898,15;17709,2;1,05105105105106;0,0884173297966306;-5,51482069478374;5,70247391561125;-2,01939392063274;-6,75356698351549;42,0655633004085;22,2509815501713;-11,772781700013;4,01506529902615;31,3847603453449;-24,4814440133372;-7,35851269720251;-12,4652885217087
"22";"PRODUKCJA WYROBOW Z GUMY I TWORZYW SZTUCZNYCH";"2024";1356;1061;126094,26;6747,31;7899,15;122127,37;1226,82;6966,77;8572,44;11358,17;29075;6999,5;8936,27;17898,97;0,742942050520057;-6,27208480565371;-5,19488750872626;-23,8401020385128;-22,0107399805105;-3,38390657505938;-4,9079944812191;-14,1427050315736;-2,64015130206031;1,19899141095547;-11,4142812855224;11,8910295349477;13,1438374809291;1,07158990807039
"23";"PRODUKCJA WYROBOW Z POZOSTALYCH MINERALNYCH SUROWCOW NIEMETALICZNYCH";"2022";697;561;88377,49;6650,26;7600,96;86199,66;697,17;5283,26;6952,71;7904,88;21509,39;4786,7;6811,86;14441,5;-1,83098591549296;-6,18729096989966;22,6378431334456;11,886980061342;13,6298198746343;27,1231230646645;120,191396626871;35,3626916454866;22,354610897321;5,88674968956828;6,561311710585;38,5682028716998;2,96195528952976;35,1408256958
"23";"PRODUKCJA WYROBOW Z POZOSTALYCH MINERALNYCH SUROWCOW NIEMETALICZNYCH";"2023";701;544;84176,23;5844,45;6098,21;82048,9;956,1;4504,42;7251,96;7183,29;19508,59;4329,56;6213,34;13895,86;0,573888091822106;-3,03030303030303;-4,7537670508633;-12,1169698628324;-19,7705289858123;-4,81528581435241;37,1401523301347;-14,7416557201425;-9,3019839242303;-9,12841181649816;4,30407711525433;-9,5502120458771;-8,78644012061316;-3,77827787972164
"23";"PRODUKCJA WYROBOW Z POZOSTALYCH MINERALNYCH SUROWCOW NIEMETALICZNYCH";"2024";702;520;82421,29;5035,7;5485,7;79921,01;942,97;4536,67;8774,52;8526,9;19513,5;4563,84;6771,48;13597,61;0,142653352353772;-4,41176470588235;-2,08484034031935;-13,8379146027428;-10,0440949065381;-2,59344122834066;-1,37328731304257;0,715963431473976;0,0251684001765451;18,7046603993435;20,9951516555524;5,41117342177957;8,98293027582588;-2,14632271770153
"24";"PRODUKCJA METALI";"2022";272;225;106056,04;6870,35;6936,95;103656,47;933,94;2833,58;6177,08;7189,56;20054,85;2791,53;6317,25;16780,15;4,21455938697317;1,35135135135136;33,3119644099324;5,61888437089249;-11,5383536348983;34,3841957974144;38,6367010064424;41,3926798233577;0,816187415451752;-12,9022761881571;9,84443796368086;1,93162274567942;-15,4783439388182;11,3891389258413
"24";"PRODUKCJA METALI";"2023";273;207;82244,49;1240,63;-1470,47;85040,8;1045,64;4909,82;4196,52;7500,98;16678,18;2143,2;6566,6;13189,16;0,367647058823528;-8;-22,4518565845;-81,942259127992;-121,197644497942;-17,959004392104;11,9600830888494;73,27267979023;-16,8371740501674;4,33155853765737;-32,0630459699405;-23,2248981741196;3,94712889311013;-21,4002258621049
"24";"PRODUKCJA METALI";"2024";269;175;72895,38;-535,35;-862,28;77679,87;1118,38;2706,57;4099,38;8561,93;17187,29;2883,37;7686,06;12956,87;-1,46520146520146;-15,4589371980676;-11,3674606043517;-143,151463369417;-41,3602453637272;-8,65576288087602;6,95650510692016;-44,8743538459658;3,05255129756365;14,1441518308274;-2,31477509936806;34,535740948115;17,0477872871806;-1,76121906171431
"25";"PRODUKCJA METALOWYCH WYROBOW GOTOWYCH, Z WYLACZENIEM MASZYN I URZADZEN";"2022";2376;2029;163962,03;10086,7;13862,37;158045,42;1344,1;6368,24;11820,58;14467,43;39052,77;7181,96;7890,48;30049,95;2,59067357512954;2,26814516129032;33,2789824752013;2,79533774067737;27,4992618999661;34,0962461380986;154,261014320035;36,9566993991165;16,2790773842666;15,9005881778024;22,1852514546257;12,6103256498022;23,8258446009566;28,1014565223786
"25";"PRODUKCJA METALOWYCH WYROBOW GOTOWYCH, Z WYLACZENIEM MASZYN I URZADZEN";"2023";2454;1995;156193,79;9765,16;11652,06;149893,75;1591,09;6799,21;16842,2;14993,98;39133,56;6630,8;8748,29;27295,3;3,28282828282829;-1,67570231641203;-4,73782863020176;-3,18776210257072;-15,9446761268095;-5,15780210524292;18,3758648910051;6,76748991872167;0,206873929813423;3,63955450276932;42,4820101890093;-7,67422820511392;10,871455221989;-9,16690377188648
"25";"PRODUKCJA METALOWYCH WYROBOW GOTOWYCH, Z WYLACZENIEM MASZYN I URZADZEN";"2024";2493;1853;146471,72;7009,75;9495,91;143062,06;1578,98;6115,86;18967,12;13889,2;41870,76;6869,68;7585,03;27155,58;1,58924205378974;-7,11779448621553;-6,22436397759476;-28,2167419683856;-18,5044532898045;-4,55768836259017;-0,761113450527617;-10,0504323296383;6,99450803862467;-7,36815708704426;12,6166415313914;3,60258189057128;-13,2969986134433;-0,511882998171842
"26";"PRODUKCJA KOMPUTEROW, WYROBOW ELEKTRONICZNYCH I OPTYCZNYCH";"2022";316;251;65426,47;2164,24;3218,43;63803,56;326,72;1203,87;2570,01;1659,97;16006,65;1827,65;1521,2;10481,6;-1,25;-4,92424242424242;14,4594408066861;10,5563473454605;31,4084714067566;13,7158630837594;75,7787701081401;11,9327215419375;17,3025610434418;-0,312280427824185;-0,906872100958922;38,599032351023;10,1815837697283;17,4506345624175
"26";"PRODUKCJA KOMPUTEROW, WYROBOW ELEKTRONICZNYCH I OPTYCZNYCH";"2023";322;260;61561,05;2543,15;2844,07;60303,49;291,56;1477,01;3496,3;2063,06;14351,97;1733,81;1745,68;10157,22;1,8987341772152;3,58565737051793;-5,90803691533411;17,5077625401989;-11,6317583418002;-5,48569703634092;-10,7615083251714;22,6884962662081;-10,3374534958908;24,2829689693187;36,0422722090576;-5,13446228763714;14,7567709702866;-3,09475652572128
"26";"PRODUKCJA KOMPUTEROW, WYROBOW ELEKTRONICZNYCH I OPTYCZNYCH";"2024";318;236;63096,61;2811,77;3428,22;61211,23;277,53;1220,42;4526,83;1963,79;14420,66;1410,92;1735,65;9604,86;-1,24223602484472;-9,23076923076923;2,49436941052825;10,5624913984625;20,5392272342101;1,50528601246795;-4,81204554808616;-17,372258820184;0,478610253505263;-4,81178443671052;29,4748734376341;-18,6231478651063;-0,574561202511337;-5,43810215787389
"27";"PRODUKCJA URZADZEN ELEKTRYCZNYCH";"2022";476;399;142589,19;5834,04;9539,35;135219,68;954,45;7028,97;4118,01;14268,11;47335,62;13127,6;13351,62;27976,75;-0,626304801670141;0,50377833753148;22,3562923232768;24,2244542061209;53,768470802149;19,2941811880165;193,162760696624;42,3718617392978;28,146589006366;12,0013533000032;36,9105761334659;33,9378814560577;11,3484960186276;43,0215717739342
"27";"PRODUKCJA URZADZEN ELEKTRYCZNYCH";"2023";489;382;146636,34;4443,02;6912,52;141480,15;1673,67;7236,36;5671,69;13214,17;38682,28;11801,49;12134,18;23282,1;2,73109243697478;-4,26065162907269;2,83832876812049;-23,8431687132759;-27,5367818562061;4,62985121692345;75,3543925821154;2,95050341657455;-18,2808210814604;-7,38668260897905;37,7289030381179;-10,1016941405893;-9,11829425942321;-16,780540984925
"27";"PRODUKCJA URZADZEN ELEKTRYCZNYCH";"2024";493;374;118479,58;2574,61;6269,76;119910,83;1390,63;4782,5;5568,75;9358,95;39330,01;11770,15;8386,38;20376,73;0,817995910020453;-2,09424083769634;-19,2017613096453;-42,0527028912767;-9,29849027561584;-15,2454743651318;-16,9113385553902;-33,9101426684134;1,67448764653997;-29,174893315282;-1,81497930951797;-0,26555968780213;-30,8863062852208;-12,4789860021218
"28";"PRODUKCJA MASZYN I URZADZEN, GDZIE INDZIEJ NIESKLASYFIKOWANA";"2022";937;785;67429,68;4213,45;5334,21;65734,14;448,67;2773,54;6017,83;3909,11;20841,84;4306,23;2544,74;15572,23;3,08030803080308;2,21354166666667;28,3016082015998;30,3993265638975;38,0878664012364;27,902063504541;185,195779303331;35,6970918626952;27,0197960305552;11,9697412365878;-10,9589568083995;32,1225305052972;17,7602443369814;33,5593310467682
"28";"PRODUKCJA MASZYN I URZADZEN, GDZIE INDZIEJ NIESKLASYFIKOWANA";"2023";958;773;71239,22;4292,72;5062,25;69131,15;693,66;2995,49;6323,67;4295,67;20618,84;4612,55;2989,12;15416,36;2,24119530416222;-1,52866242038217;5,64964864136981;1,88135613333493;-5,09841194853596;5,16780169330577;54,6036062139211;8,00240847436848;-1,06996311266184;9,88869589241541;5,08223063795421;7,1134147502572;17,4626877402014;-1,00094848329365
"28";"PRODUKCJA MASZYN I URZADZEN, GDZIE INDZIEJ NIESKLASYFIKOWANA";"2024";974;701;69259,62;2855,25;3578,79;68278,74;718,85;2735,14;7003,39;4106,9;22089,13;4397,8;3241,33;14813,62;1,67014613778707;-9,3143596377749;-2,77880639344452;-33,4862278462141;-29,3043607091708;-1,23303315509722;3,63146209958771;-8,69139940377033;7,1308085226909;-4,39442508386353;10,7488214913175;-4,65577608914809;8,43760036398673;-3,90974263704272
"29";"PRODUKCJA POJAZDOW SAMOCHODOWYCH, PRZYCZEP I NACZEP, Z WYLACZENIEM MOTOCYKLI";"2022";465;351;213100,94;4958,49;6908,81;205711,82;1000,59;7949,87;7766,99;15050,57;55294,88;8387,48;12308,87;22132,17;2,42290748898679;3,23529411764707;21,6956312603232;36,0275539680841;26,7206529713867;20,6129600648048;87,2782061840234;4,71129504305745;12,3026220520625;11,9687451643237;20,1875776608963;-5,36415845829243;9,13444274703579;17,49413250531
"29";"PRODUKCJA POJAZDOW SAMOCHODOWYCH, PRZYCZEP I NACZEP, Z WYLACZENIEM MOTOCYKLI";"2023";471;355;246752,86;5136,32;5586,42;241299,44;1662,37;7443,73;10481,94;12824,23;62329,44;9624,24;10773,48;22718,51;1,29032258064516;1,13960113960114;15,7915399153096;3,58637407759217;-19,1406334810192;17,299744856664;66,1389780029782;-6,36664498916335;12,7219011959154;-14,7923965670403;34,9549825608119;14,7453108681034;-12,473850158463;2,64926575207041
"29";"PRODUKCJA POJAZDOW SAMOCHODOWYCH, PRZYCZEP I NACZEP, Z WYLACZENIEM MOTOCYKLI";"2024";476;329;233605,97;5274,27;5430,05;230370,76;1623,78;6554,33;12805,34;10014,25;57488,81;9598,98;8058,38;23108,89;1,06157112526539;-7,32394366197183;-5,32795850876865;2,6857750295932;-2,79910926854765;-4,5290946385951;-2,32138452931657;-11,9483108602811;-7,76620165366479;-21,9114909823046;22,1657441275184;-0,262462282736098;-25,2016989867712;1,71833452105794
"30";"PRODUKCJA POZOSTALEGO SPRZETU TRANSPORTOWEGO";"2022";190;142;34705;910,71;1829,36;36453,63;526,24;1347,84;3862,82;5561,41;17512,94;4415,63;3791,84;12083,26;9,82658959537572;8,3969465648855;19,0460672777504;-27,8096612077302;1,36643209397682;23,1872827963195;172,691470618717;74,2250717406478;14,5205461536449;13,2125902824711;16,2236243121185;84,5952860714196;8,63314711359404;10,4448226504359
"30";"PRODUKCJA POZOSTALEGO SPRZETU TRANSPORTOWEGO";"2023";180;125;37954,07;1998,76;2541,55;37320,97;598,63;1279,37;5705,22;7259,83;20958,45;4183,38;3122,58;13255,27;-5,26315789473685;-11,9718309859155;9,36196513470682;119,472719087306;38,9311015874404;2,37929665715049;13,7560808756461;-5,07997981956315;19,6740809938252;30,539377603881;47,6957248849286;-5,25972511283781;-17,650006329381;9,69945196908781
"30";"PRODUKCJA POZOSTALEGO SPRZETU TRANSPORTOWEGO";"2024";183;138;42549,95;2273,8;2925,52;42658,82;542,43;1250,64;6420,98;5812;22012,97;3133,98;2033,5;13438,62;1,66666666666666;10,4;12,109057078727;13,7605315295483;15,107709862092;14,3025489423238;-9,38810283480614;-2,24563652422675;5,03147895001776;-19,9430289689979;12,5457037590137;-25,0849791317069;-34,8775691895804;1,38322342736135
"31";"PRODUKCJA MEBLI";"2022";655;527;55098,07;2422,16;3048,75;53478,36;334,41;1695,63;2716,82;4049,97;10082,53;2698,79;3194,54;7086,15;2,66457680250785;-4,87364620938628;10,2151851839998;-2,74441781000681;16,9398299266237;9,01429949437667;130,818608503589;11,7656364319472;3,64666589225302;40,0574066709318;-3,36175404523836;7,42222328365811;78,61659835951;6,3001693626175
"31";"PRODUKCJA MEBLI";"2023";670;534;52486,49;2645,39;3262,89;50539,13;469,41;1942,35;3328,07;3821,34;8799,24;2237,02;2985,85;6582,63;2,29007633587786;1,32827324478177;-4,73987564355702;9,21615417643755;7,02386223862239;-5,49611095029841;40,3696061720642;14,5503441198846;-12,7278569962103;-5,64522700168149;22,4987301330232;-17,1102605241608;-6,5327089346197;-7,10569208949853
"31";"PRODUKCJA MEBLI";"2024";690;501;50163,59;2036,76;2547;48968,5;423,07;1833,93;3893,63;3910,58;8289,75;1920,51;3135,29;6393,03;2,98507462686568;-6,17977528089888;-4,42571031135822;-23,0071936463055;-21,9403657493817;-3,10775037085126;-9,87196693721907;-5,58189821607845;-5,79015915010842;2,33530646317783;16,9936329464224;-14,1487335830703;5,00493996684361;-2,88030771895125
"32";"POZOSTALA PRODUKCJA WYROBOW";"2022";294;244;18864,13;1172,55;1503,71;17967,2;167,03;736,41;1073,01;2870,26;3371,13;766,79;2613,77;4025,41;2,4390243902439;-0,813008130081305;17,9538917512881;3,76456845514641;18,9907574462697;19,0731655268898;110,259315206445;31,4830024282245;21,2929015266269;32,3206572099006;12,9056357590808;41,3489898245097;33,7733125882859;25,8227658184523
"32";"POZOSTALA PRODUKCJA WYROBOW";"2023";293;233;19118,55;1066,3;1395,26;18066,41;260,84;872,09;1748,58;2873,99;3191,18;570,21;2539,18;3650,12;-0,340136054421769;-4,50819672131147;1,34869723650122;-9,06144727303739;-7,21216191951906;0,552172848301336;56,1635634317188;18,4245189500414;-5,33797272724577;0,129953384013981;62,9602706405346;-25,6367453931324;-2,85373234829385;-9,32302548063427
"32";"POZOSTALA PRODUKCJA WYROBOW";"2024";294;222;19274,69;927,93;1146,37;18585,97;250,8;1084,19;1683,99;3111,86;4012,92;924,38;2737,38;3809,76;0,34129692832765;-4,72103004291845;0,81669373461899;-12,9766482228266;-17,8382523687342;2,87583421388091;-3,84910289832846;24,320884312399;25,7503494005352;8,27664675242434;-3,69385444188999;62,1122042756177;7,80566954686159;4,37355484203259
"33";"NAPRAWA, KONSERWACJA I INSTALOWANIE MASZYN I URZADZEN";"2022";817;674;40104,1;1327,99;1795,15;39161,76;267,36;883,03;4353,84;1658,77;15194,47;3113,67;1161,33;7234,52;-0,487210718635811;-1,02790014684288;31,3920961809762;19,8384695212742;48,4748482292029;28,6650646680453;120,412201154163;-15,0981674134185;14,1932206166724;34,6972748237893;2,29574754530524;26,879866994291;51,9190518549526;13,7097293890388
"33";"NAPRAWA, KONSERWACJA I INSTALOWANIE MASZYN I URZADZEN";"2023";837;727;46525,3;2020,92;2409,37;45624,22;366,54;1119,5;4109,73;2216,28;19985,03;2306;1685,1;9601,13;2,44798041615668;7,86350148367954;16,0113305123416;52,1788567684998;34,215525165028;16,5019651823616;37,0960502692998;26,7793846188691;31,5283126032037;33,6098434382102;-5,60677470922222;-25,939486201171;45,1008757200796;32,7127439000791
"33";"NAPRAWA, KONSERWACJA I INSTALOWANIE MASZYN I URZADZEN";"2024";870;730;44342,66;1604,61;2523,53;43543,25;354,36;1133,61;4498,19;2297,96;18480,16;1889;1830,55;8078,17;3,94265232974911;0,412654745529584;-4,69129699324883;-20,6000237515587;4,73816806883129;-4,56110811319076;-3,32296611556719;1,26038410004465;-7,52998619466671;3,68545490641976;9,45220245612242;-18,0832610581093;8,63153522046169;-15,8622995418248
"35";"WYTWARZANIE I ZAOPATRYWANIE W ENERGIE ELEKTRYCZNA, GAZ, PARE WODNA, GORACA WODE I POWIETRZE DO UKLADOW KLIMATYZACYJNYCH";"2022";433;271;487150,12;20759,93;13868,17;509054,9;6825,77;21247,2;29433,66;93516,94;159451,15;27760,87;64560,6;31779,39;-0,459770114942526;-16,358024691358;59,5669580164582;10,1077797561179;-12,6802820289056;66,830956133893;122,784805995091;9,92753139556002;15,1574825896431;22,3461772240795;-0,54815043575307;77,421915393617;51,7832247240726;61,5351419381336
"35";"WYTWARZANIE I ZAOPATRYWANIE W ENERGIE ELEKTRYCZNA, GAZ, PARE WODNA, GORACA WODE I POWIETRZE DO UKLADOW KLIMATYZACYJNYCH";"2023";444;330;560186,1;-5014,97;17898,78;584411,1;8723,65;27598,1;23452,93;86875,49;134377,66;31911,99;63881,7;16798,56;2,54041570438799;21,7712177121771;14,9924996426153;-124,156969700765;29,0637481369207;14,8031577733561;27,8046286353041;29,8905267517602;-15,7248724766174;-7,10186838876464;-20,3193554590221;14,9531336734043;-1,05157015269375;-47,1400804106057
"35";"WYTWARZANIE I ZAOPATRYWANIE W ENERGIE ELEKTRYCZNA, GAZ, PARE WODNA, GORACA WODE I POWIETRZE DO UKLADOW KLIMATYZACYJNYCH";"2024";454;362;437523,81;11544,06;23893,27;443886,51;8702,63;26303,02;25621,76;96055,19;115598,09;36508,85;77160,53;17503,22;2,25225225225225;9,69696969696969;-21,8967036133171;-330,192005136621;33,4910535801882;-24,0455032424949;-0,240954187753983;-4,69264188476742;-13,9752173091867;10,5665015529697;9,24758654888749;14,4048052158452;20,7865945959485;4,19476431313159
"36";"POBOR, UZDATNIANIE I DOSTARCZANIE WODY";"2022";438;203;8720,15;11,14;-161,91;9289,62;131,07;1857,23;1669,92;2697,48;1849,13;393,34;2370,14;200,06;2,0979020979021;-23,9700374531835;7,14452466493336;-96,1832322609381;-223,718193627264;10,4919292394538;95,5101431980907;12,1854424645122;6,16506387254199;1,8197465716971;-9,62218096995741;-2,13962282927801;2,88092995394504;24,6945898778359
"36";"POBOR, UZDATNIANIE I DOSTARCZANIE WODY";"2023";418;192;8266,43;-125,17;-284,06;8898,31;145,36;1407,18;1127,18;2148,33;1818,62;349,84;2001,91;154,01;-4,5662100456621;-5,41871921182266;-5,20312150593739;-1223,60861759426;75,4431474275832;-4,212335919015;10,9025711451896;-24,2323244832358;-1,64996511873152;-20,3578895858357;-32,5009581297308;-11,0591345909391;-15,5362130507059;-23,0180945716285
"36";"POBOR, UZDATNIANIE I DOSTARCZANIE WODY";"2024";425;230;9537,21;124,96;-10,25;9924,3;155,63;1224,44;1399,02;2106,58;1912,58;353,56;1931,41;155,95;1,67464114832536;19,7916666666667;15,3727788174581;-199,832228169689;-96,3916074068859;11,5301669642887;7,06521739130432;-12,9862562003439;5,16655486027868;-1,94336996643905;24,1168225128196;1,0633432426252;-3,52163683682084;1,25965846373612
"37";"ODPROWADZANIE I OCZYSZCZANIE SCIEKOW";"2022";391;204;11003,58;105,65;-132,28;11733,52;182,6;3190,6;1579,46;3837,07;2694,24;765,69;3158,21;293,59;2,89473684210526;-28,169014084507;10,9655805998461;-66,732791737515;-328,541810642709;14,4146516031773;172,659399731223;7,28853170132993;18,853916227364;15,4450435054698;-11,4548237180386;49,2660389496462;21,1081541246127;51,4677810452458
"37";"ODPROWADZANIE I OCZYSZCZANIE SCIEKOW";"2023";413;215;12972,52;-171,67;-321,84;14084,97;284,96;3335,64;1853,46;5758,87;2913,63;785,56;4986,81;282,48;5,62659846547315;5,3921568627451;17,8936309819168;-262,48935163275;143,302086483217;20,0404482201419;56,0569550930997;4,54585344449321;8,14292713344025;50,0850909678479;17,3477011130386;2,59504499209862;57,8998863280149;-3,78418883476956
"37";"ODPROWADZANIE I OCZYSZCZANIE SCIEKOW";"2024";405;259;14244,97;371,71;236,47;14692,75;314,26;2310,05;2049,64;5472,34;3084,97;783,25;4826,61;275,16;-1,93704600484261;20,4651162790698;9,80881124099249;-316,525892701113;-173,474397216008;4,31509616278913;10,2821448624368;-30,7464234749553;5,88063686878566;-4,97545525424258;10,5845283955413;-0,294057742247567;-3,21247450775146;-2,59133389974511
"38";"DZIALALNOSC ZWIAZANA ZE ZBIERANIEM, PRZETWARZANIEM I UNIESZKODLIWIANIEM ODPADOW, ODZYSK SUROWCOW";"2022";683;568;35575,4;3582,05;3916,31;32787,37;270,46;2533,74;4518,14;3929,08;6488,88;1085,22;2185,67;1237,32;4,91551459293396;-1,89982728842832;9,81061547270508;-2,19792221266604;-6,52149525125729;13,2537948591295;75,5321910695742;35,266262712543;7,1725511634936;15,9222401538911;11,889708595528;0,569935221996731;8,23416972452078;26,8981077893441
"38";"DZIALALNOSC ZWIAZANA ZE ZBIERANIEM, PRZETWARZANIEM I UNIESZKODLIWIANIEM ODPADOW, ODZYSK SUROWCOW";"2023";730;595;34518,95;3026,24;3376,86;32423,83;372,67;3269,11;4387,54;5123,69;6921,48;1072,95;2590,23;1290,99;6,88140556368961;4,75352112676057;-2,96960821241645;-15,5165338283944;-13,7744458431534;-1,10878060667873;37,79117059824;29,023104185907;6,66678995450678;30,4043185682144;-2,89057001332408;-1,13064632056172;18,509656077999;4,33760062069635
"38";"DZIALALNOSC ZWIAZANA ZE ZBIERANIEM, PRZETWARZANIEM I UNIESZKODLIWIANIEM ODPADOW, ODZYSK SUROWCOW";"2024";741;621;39536,31;3531,46;4010,56;36902,13;388,01;3092,71;4978,83;5918,48;7776,27;1209,82;2862,08;1358,58;1,5068493150685;4,36974789915967;14,5350886976574;16,6946441789151;18,7659541704424;13,8117551196142;4,1162422518582;-5,39596403914215;12,3498153574091;15,5120625955122;13,476572293358;12,7564192180437;10,4952069893407;5,23551692886854
"39";"DZIALALNOSC ZWIAZANA Z REKULTYWACJA I POZOSTALA DZIALALNOSC USLUGOWA ZWIAZANA Z GOSPODARKA ODPADAMI";"2022";29;25;1086,13;51,18;68,54;1043,75;10,31;39,15;77,21;67,86;250,44;107,27;52,75;52,57;11,5384615384615;8,69565217391304;6,92887029288705;-46,6597186034393;-38,6831275720165;12,8073493650365;72,9865771812081;-7,99059929494712;12,2344716321592;-31,2043795620438;-45,7871085521696;16,3322850016267;-34,77185606529;27,6900655817343
"39";"DZIALALNOSC ZWIAZANA Z REKULTYWACJA I POZOSTALA DZIALALNOSC USLUGOWA ZWIAZANA Z GOSPODARKA ODPADAMI";"2023";30;25;1168,43;74,65;70,57;1123,76;11,95;34,93;57,09;102,99;287,12;146,41;99,8;53,43;3,44827586206897;0;7,57736182593243;45,8577569363033;2,96177414648378;7,66562874251497;15,9068865179437;-10,779054916986;14,6462226481393;51,7683465959328;-26,0588006734879;36,4873683229235;89,1943127962085;1,63591401940271
"39";"DZIALALNOSC ZWIAZANA Z REKULTYWACJA I POZOSTALA DZIALALNOSC USLUGOWA ZWIAZANA Z GOSPODARKA ODPADAMI";"2024";33;22;1037,49;81,69;99,18;975,5;6,99;64,53;135,97;147,19;191;22,89;130,59;25,9;10;-12;-11,2064907611068;9,43067649028799;40,5413065041803;-13,1932085142735;-41,5062761506276;84,740910392213;-33,4772917247144;42,9167880376736;138,167805219828;-84,3658220066935;30,8517034068136;-51,5253602844844
"41";"ROBOTY BUDOWLANE ZWIAZANE ZE WZNOSZENIEM BUDYNKOW";"2022";1857;1568;105641,01;9569,02;10491;100389,58;891,95;3821,05;14292,03;11752,32;40137,89;4217,84;7261,92;29422,73;2,54003313086693;1,22659780503551;28,4174655808258;55,2832546289535;72,8111168398182;26,6627856390877;117,220301008231;-18,3103439429441;19,7192504596339;16,3049061085133;2,26108720508413;14,988617930508;39,079673881193;14,0172389540064
"41";"ROBOTY BUDOWLANE ZWIAZANE ZE WZNOSZENIEM BUDYNKOW";"2023";1850;1596;109308,03;8549,66;8715,16;104674,04;1209,4;4843,96;18365,01;12934,83;39352,94;5293,55;7849,51;31061,34;-0,376952073236403;1,78571428571428;3,47120876636828;-10,6527105179005;-16,9272709941855;4,26783337473868;35,5905600089691;26,7703903377344;-1,95563344261493;10,0619281980069;28,4982609188478;25,5038123778996;8,09138630004187;5,56919769171658
"41";"ROBOTY BUDOWLANE ZWIAZANE ZE WZNOSZENIEM BUDYNKOW";"2024";1892;1582;105483,56;6942,58;6848,57;103823,33;1082,26;5685,43;18626,22;11194,54;39793,16;4837,89;5933,84;32271,64;2,27027027027027;-0,877192982456143;-3,49880059131978;-18,7970047931731;-21,417736450048;-0,812723001806359;-10,5126509012734;17,3715307310548;1,11864577335263;-13,4542935624202;1,42232430039517;-8,60783406220778;-24,4049628575542;3,89648353870116
"42";"ROBOTY ZWIAZANE Z BUDOWA OBIEKTOW INZYNIERII LADOWEJ I WODNEJ";"2022";1369;1160;81141,96;4467,07;4693,12;78992,13;485,79;1827,73;12702,99;3357,67;26791,86;2173,1;1745,45;5133,98;0,513950073421432;2,38305383936452;15,6506431539794;1,58342126328046;40,7156435334824;15,038718754592;105,921749819847;22,8494804339351;20,8397304635702;5,61267979982574;4,78602697893802;-12,1266159588191;0,910562525293401;45,135920573535
"42";"ROBOTY ZWIAZANE Z BUDOWA OBIEKTOW INZYNIERII LADOWEJ I WODNEJ";"2023";1411;1269;95148,21;7621,48;8632,52;89428,68;591,58;2088,19;18077,13;3220,57;28055,7;1893,04;1495,26;4698,56;3,06793279766253;9,39655172413794;17,2614144395822;70,6147429970876;83,9398949952271;13,2121389814403;21,7768994833158;14,2504636899323;4,71725367331719;-4,08318863974124;42,3061027364424;-12,8875799549031;-14,3338394110401;-8,4811393889341
"42";"ROBOTY ZWIAZANE Z BUDOWA OBIEKTOW INZYNIERII LADOWEJ I WODNEJ";"2024";1512;1316;94378,94;6052,13;6906,41;90625,95;812,58;2484,65;17666,18;3779,64;28405,28;2740,69;1580,36;5001,64;7,15804394046775;3,7037037037037;-0,808496555006133;-20,5911450269501;-19,9954358634559;1,33879869411022;37,3575847729808;18,9858202558196;1,24602130761307;17,3593494319328;-2,27331440333726;44,7771837890377;5,69131789789066;6,45048695770618
"43";"ROBOTY BUDOWLANE SPECJALISTYCZNE";"2022";1771;1524;46410,43;2350,08;2800,85;44608,85;237,22;937,6;4022,88;1461,07;11718,73;2068,21;820,74;3427,8;3,20512820512822;2,83400809716599;19,6556804983158;-4,95933611300962;18,0060501879097;19,6658658334281;149,652704693749;23,057538849223;21,7622739179179;3,09554050239909;1,89691463250921;42,0434878162688;3,91876321553832;32,2392481829545
"43";"ROBOTY BUDOWLANE SPECJALISTYCZNE";"2023";1858;1618;52533,57;3585,88;4416,67;49421,03;311,74;979,41;5364,72;1715,71;12558,14;2010,07;814,38;3513,63;4,9124788255223;6,16797900262467;13,1934567294464;52,5854438997821;57,6903440027135;10,787500686523;31,4138774133716;4,45925767918087;7,16297755814836;17,4283230782919;33,3552082090443;-2,81112652970443;-0,774910446670085;2,50393838613687
"43";"ROBOTY BUDOWLANE SPECJALISTYCZNE";"2024";1919;1589;50689,78;2966,69;3566,84;48236,83;285,27;1044,8;5494,51;1513,76;11725,89;1711,68;868,68;2986,7;3,28310010764263;-1,79233621755254;-3,50973672643987;-17,2674489943891;-19,2414194404382;-2,39614593220739;-8,49105023416951;6,67646848612939;-6,62717568047497;-11,7706372289023;2,41932477370674;-14,8447566502659;6,66764900906209;-14,9967412618859
"45";"HANDEL HURTOWY I DETALICZNY POJAZDAMI SAMOCHODOWYMI, NAPRAWA POJAZDOW SAMOCHODOWYCH";"2022";1239;1115;226676,6;7025,63;8685,31;222012,4;1067,23;2466,01;8833,11;7219,97;44237,42;9246,07;4199,27;32055,84;2,56622516556291;-1,84859154929577;17,6401411536795;12,4685636530996;34,5597952471179;17,6897790121438;174,007034840432;11,4913375289352;34,8509419997391;10,2337667889626;3,56705687030421;36,5408726085961;6,47533272986824;36,4915252288744
"45";"HANDEL HURTOWY I DETALICZNY POJAZDAMI SAMOCHODOWYMI, NAPRAWA POJAZDOW SAMOCHODOWYCH";"2023";1230;0;0;0;0;0;0;0;0;0;0;0;0;0;-0,726392251815977;0;0;0;0;0;0;0;0;0;0;0;0;0
"45";"HANDEL HURTOWY I DETALICZNY POJAZDAMI SAMOCHODOWYMI, NAPRAWA POJAZDOW SAMOCHODOWYCH";"2024";1237;1021;295217,34;5860,06;7699,42;293510,65;1999,16;3173,25;8829,81;7612,6;57082,86;14392,61;4545,94;44334,93;0,569105691056904;0;0;0;0;0;0;0;0;0;0;0;0;0
"46";"HANDEL HURTOWY, Z WYLACZENIEM HANDLU POJAZDAMI SAMOCHODOWYMI";"2022";7475;6842;1132104,84;40832,64;54897,17;1097503,95;5179,92;10905,52;37383,15;35267,88;198487,54;34964,79;23968,85;118870,48;0,945307224848069;-0,941074272477194;24,8688945633776;10,8373938962756;28,2867161955256;25,0657604227264;192,056833558863;19,3023143873591;16,8750077283666;14,5350723445962;1,53269400467098;22,7331267702337;18,4019952953079;21,5511819212085
"46";"HANDEL HURTOWY, Z WYLACZENIEM HANDLU POJAZDAMI SAMOCHODOWYMI";"2023";7572;6563;1052404,89;31872,6;39341,79;1034311,22;6568,77;11256,97;45733,57;38155,96;188398,89;28977,3;24886,77;110719,89;1,29765886287625;-4,07775504238527;-7,03997961884875;-21,9433276907885;-28,3354861461893;-5,7578590036054;26,8121901496548;3,22267989055083;-5,08276237390014;8,18898102182497;22,3373899738251;-17,1243413731357;3,82963721663743;-6,85669814742903
"46";"HANDEL HURTOWY, Z WYLACZENIEM HANDLU POJAZDAMI SAMOCHODOWYMI";"2024";7586;6384;1047223,33;28761,59;35759,05;1030260,94;6104,11;11504,89;46253,39;39797,26;192715,57;26752,04;25790,81;112562,35;0,184891706286328;-2,72741124485754;-0,492354230699166;-9,7607663008352;-9,10670307578785;-0,391592000713292;-7,07377484673692;2,20236884348097;2,29124492187824;4,30155603475841;1,13662677110054;-7,67932139985437;3,63261283002978;1,66407318504382
"47";"HANDEL DETALICZNY, Z WYLACZENIEM HANDLU DETALICZNEGO POJAZDAMI SAMOCHODOWYMI";"2022";4618;3892;534824,79;16559,16;22908,96;522595,8;2182,1;13839,27;20516,45;22981,71;99383,71;10182,2;13383,72;66973,97;0,456819664998909;1,2486992715921;24,1164458132205;-8,26864910978406;19,4168274340688;24,7211501683117;120,287309326953;39,3667341046575;19,9435883083384;5,71270730430575;-7,93948441677963;26,053520317715;5,20915709854368;33,6020176558854
"47";"HANDEL DETALICZNY, Z WYLACZENIEM HANDLU DETALICZNEGO POJAZDAMI SAMOCHODOWYMI";"2023";4675;0;0;0;0;0;0;0;0;0;0;0;0;0;1,2343005630143;0;0;0;0;0;0;0;0;0;0;0;0;0
"47";"HANDEL DETALICZNY, Z WYLACZENIEM HANDLU DETALICZNEGO POJAZDAMI SAMOCHODOWYMI";"2024";4780;3754;593102,5;17917,42;22158,18;582034,51;2541,28;12319,76;21635,34;21255,94;108216,22;8810,33;12654,54;66839,69;2,24598930481283;0;0;0;0;0;0;0;0;0;0;0;0;0
"49";"TRANSPORT LADOWY ORAZ TRANSPORT RUROCIAGOWY";"2022";2475;2096;147153,37;5877,25;5511,54;146433,8;1436,65;17126,56;12351,64;22938,91;32730,75;5088,6;14543,55;2805,63;8,40998685939553;8,37642192347465;30,299552829968;19,1567137096365;87,6409467262229;29,8467364118469;164,610539111856;25,1713686616983;27,133555536825;10,7246825926639;12,4044347899681;15,1079462169059;10,0960872438563;25,0799127980848
"49";"TRANSPORT LADOWY ORAZ TRANSPORT RUROCIAGOWY";"2023";2691;2065;149475,28;6142,89;5518,52;149448,25;2156,32;17772,54;13006,66;25653,04;34344,07;5131,76;15770,59;2968,02;8,72727272727272;-1,47900763358778;1,57788435290338;4,51980092730444;0,126643370092583;2,05857527428777;50,0936205756447;3,77180239347539;4,92906517571396;11,8319920170575;5,30310145049564;0,848170420154859;8,43700472030557;5,78800483313908
"49";"TRANSPORT LADOWY ORAZ TRANSPORT RUROCIAGOWY";"2024";2700;1994;154919,78;2202,71;1858,09;159544,44;2206,95;12400,19;13809,64;27861,69;35698,68;5506,89;17793,54;2958,9;0,334448160535117;-3,43825665859564;3,64240829654241;-64,1421220305101;-66,329921790625;6,75564283957826;2,34798174667952;-30,228374784921;3,94423258513041;8,60970083857506;6,17360644469833;7,30996773036932;12,8273577589678;-0,307275557442332
"50";"TRANSPORT WODNY";"2022";19;15;5027,1;334,16;428,03;4648,43;13,09;62,23;481,82;144,19;422,16;30,52;63,82;57,55;11,7647058823529;0;38,5230926931693;73,7340126858688;70,8975485107402;36,0124647052799;189,601769911504;1115,4296875;-34,2163493003397;83,4945278696869;65,7732668157578;-39,4324270688629;228,799587841319;3,19168011475703
"50";"TRANSPORT WODNY";"2023";22;19;2684,53;205,75;235,8;2508,22;25,86;230,07;170,15;330,33;375,61;90,53;276,09;37,68;15,7894736842105;26,6666666666667;-46,5988343179965;-38,4276993057218;-44,9104034763918;-46,0415667225278;97,5553857906799;269,70914349992;-11,0266249763123;129,093557112144;-64,6859823170479;196,625163826999;332,607333124412;-34,5264986967854
"50";"TRANSPORT WODNY";"2024";25;22;2850,04;66,4;121,64;2790,63;21,38;75,36;249,6;268,29;454,88;77,51;241,77;27,59;13,6363636363636;15,7894736842105;6,16532502896223;-67,7278250303767;-48,4139100932994;11,2593791613176;-17,3240525908739;-67,2447515973399;21,1043369452357;-18,7812187812188;46,6940934469586;-14,3819728266873;-12,4307291100728;-26,7781316348195
"51";"TRANSPORT LOTNICZY";"2022";14;11;12653,09;824,03;669,46;12198,72;74,33;11,61;1320,21;3524,87;2081,82;486,09;1362,8;553,95;-17,6470588235294;-21,4285714285714;84,8232192286063;-456,275671235246;-2584,08163265306;72,9745672346122;6,78063496624048;-78,3798882681564;29,4342203431982;-11,8229188815982;-1,66253268083394;1155,7220356497;-25,141444658061;13,4144094343099
"51";"TRANSPORT LOTNICZY";"2023";19;14;14436,4;2002;2020,57;12721,88;46,43;42,23;1658,07;3094,53;2115,68;482,84;926,25;633,15;35,7142857142857;27,2727272727273;14,093869560716;142,952319697098;201,820870552385;4,2886466776842;-37,5353154849993;263,738156761413;1,6264614616057;-12,2086771994428;25,5913831890381;-0,668600464934477;-32,0333137657763;14,2973192526401
"51";"TRANSPORT LOTNICZY";"2024";20;16;15023,7;1194,46;1316,31;13933,46;52,91;111,87;2024,66;2851,09;2118,81;497,67;455,05;738,07;5,26315789473684;14,2857142857143;4,06818874511652;-40,3366633366633;-34,8545212489545;9,52359242501895;13,9564936463493;164,906464598627;0,147942978144155;-7,86678429357609;22,1094404940684;3,07141081931903;-50,8717948717949;16,5711126905157
"52";"MAGAZYNOWANIE I DZIALALNOSC USLUGOWA WSPOMAGAJACA TRANSPORT";"2022";787;700;87602,44;4860,69;4795,17;86390,58;1136,86;13923,16;21518,51;36618,76;23423,26;2767,9;25018,13;960,68;7,22070844686649;12;16,2536988481384;29,5009857728992;94,042950966943;14,0824525753488;34,447361574304;-4,32040989949052;8,03932231596318;5,69850256346311;29,7167855015782;40,173095719198;10,1716463393153;-42,5798083762186
"52";"MAGAZYNOWANIE I DZIALALNOSC USLUGOWA WSPOMAGAJACA TRANSPORT";"2023";858;695;91880,68;4365,98;4396,45;93787,11;1934,97;16747,78;22942,68;38943,6;22564,28;3011,84;27223,55;1021,03;9,02160101651843;-0,714285714285712;4,88369958644987;-10,1777731145167;-8,3150336692964;8,56173207773347;70,203015322907;20,2872049161253;-3,66720943199196;6,34876768082806;6,61834857524988;8,81317966689548;8,81528715375608;6,28200857725778
"52";"MAGAZYNOWANIE I DZIALALNOSC USLUGOWA WSPOMAGAJACA TRANSPORT";"2024";873;674;96933,49;4078,31;3403,48;99515,7;1943,9;14642,48;25555,63;42529,49;25272,27;3222,79;25734,88;1155;1,74825174825175;-3,02158273381294;5,49931715786172;-6,58889871231658;-22,5857225716203;6,10807817833388;0,461505863139999;-12,5706213002559;12,0012249449129;9,20790579196582;11,3890356314084;7,00402411814705;-5,46831695352001;13,121064023584
"53";"DZIALALNOSC POCZTOWA I KURIERSKA";"2022";29;25;17949,66;716,24;573,46;17665,76;82,8;440,26;1867,41;1653,64;4263,27;103,27;525,23;58,89;16;25;13,0340487674018;8,82129508645053;-25,688739147337;14,8221811441036;31,910148159949;15,4386700928208;1,43011448529202;8,75060832050929;-12,3318733011281;-24,3886366964417;-6,67223426561;28,0495759947815
"53";"DZIALALNOSC POCZTOWA I KURIERSKA";"2023";32;26;19453,9;400,86;453,38;19384,36;112,17;490,23;2118,81;1183,74;5343,92;1017,63;102,67;65,51;10,3448275862069;4;8,38032586689665;-44,0327264604043;-20,9395598646811;9,72842379835344;35,4710144927536;11,3501112978694;25,3479136906647;-28,4161002394717;13,4624961845551;885,407185048901;-80,4523732460065;11,2412973340126
"53";"DZIALALNOSC POCZTOWA I KURIERSKA";"2024";32;27;21955,75;1011,05;767;21753,55;137,3;620,46;2552,21;1972,02;5607,28;138,72;646,55;61,78;0;3,84615384615385;12,8604033124463;152,220226512997;69,173761524549;12,2221729270402;22,4034946955514;26,5650816963466;4,92821748828576;66,5923260175376;20,4548779739571;-86,3683264054715;529,736047530924;-5,69378720805984
"55";"ZAKWATEROWANIE";"2022";604;454;11520,14;1248,34;929,46;11340,45;384,39;614,71;3091,46;7543,5;2978,05;766,09;6696,68;305,05;8,24372759856631;39,6923076923077;79,0532055107928;3159,37336814621;-242,171439060206;51,6380674000452;88,0945390487375;10,5712846710077;-1,02792308356984;2,57627100206146;10,2344853161416;-28,7987360007435;3,02790671198041;3,16547735804391
"55";"ZAKWATEROWANIE";"2023";649;462;14541,21;1365,1;1466,68;13848,44;468,46;715,64;3164,94;6917,81;3601,73;934,51;5871,75;341,9;7,45033112582782;1,76211453744493;26,2242472747727;9,35322107759104;57,7991521958987;22,1154363363006;21,8710164156196;16,419124465195;20,9425630865835;-8,29442566447934;2,3768704754388;21,9843621506612;-12,3184921483481;12,0799868873955
"55";"ZAKWATEROWANIE";"2024";668;450;16040,97;1366,71;1246,14;15463,64;415,53;952,18;3206,33;6810,76;3812,49;871,6;6044,75;358,86;2,92758089368259;-2,5974025974026;10,3138597131876;0,117940077650003;-15,0366814847138;11,6634075751493;-11,2987234769244;33,0529316416075;5,85163240998074;-1,54745504718979;1,3077657080387;-6,73187017795421;2,94631072508196;4,96051477040071
"56";"DZIALALNOSC USLUGOWA ZWIAZANA Z WYZYWIENIEM";"2022";530;413;16366;1205,45;1102,02;15672,87;156,69;1027,65;1188,29;2399,7;2805,94;766,97;1947,29;236,05;13,2478632478632;20,7602339181286;37,3853303426323;64,2459090103961;128,677553900106;32,912957530765;100,012764871075;30,1762030832373;9,26259798214222;4,85495436054513;-2,94127256391408;-4,05439215391928;2,23819474341878;17,6133532635775
"56";"DZIALALNOSC USLUGOWA ZWIAZANA Z WYZYWIENIEM";"2023";594;485;20092;1589,63;1628,38;18865,41;189,99;1371,85;1284,61;2310,01;2770,85;507,73;1946,98;256,22;12,0754716981132;17,4334140435835;22,7667114750092;31,8702559210253;47,7631984900456;20,3698493000963;21,2521539345204;33,4938938354498;-1,25056130922259;-3,73755052714921;8,10576542763131;-33,8005397864323;-0,0159195600038964;8,54479983054439
"56";"DZIALALNOSC USLUGOWA ZWIAZANA Z WYZYWIENIEM";"2024";680;541;22238,68;1880,35;1735,42;20961,95;183;1194,14;1722,79;2233,89;3236,75;522,28;1866,5;300,24;14,4781144781145;11,5463917525773;10,6842524387816;18,2885325516;6,57340424225303;11,1131430485741;-3,67914100742145;-12,954040164741;16,8143349513687;-3,29522383019989;34,1099633351757;2,86569633466605;-4,13358123863625;17,1805479665912
"58";"DZIALALNOSC WYDAWNICZA";"2022";241;184;10496,83;1207,65;1302,68;9952,87;55,16;199,23;1793,2;489,12;2017,81;339,51;296,4;983,92;-11,070110701107;-16,7420814479638;12,6758945679184;-29,221978021978;-14,4139231441392;19,8332450394914;78,3381829938571;48,2145514060408;18,3376047574085;9,78385293919601;-14,3255742842946;106,564857629594;-13,7870855148342;20,1528898875307
"58";"DZIALALNOSC WYDAWNICZA";"2023";260;207;11699,95;1584,64;1641,17;10813,51;70,35;206,94;2012,55;429,01;1939,15;139,21;238,6;1008,12;7,88381742738589;12,5;11,461746070004;31,2168260671552;25,9841250345442;8,64715403697627;27,5380710659898;3,86989911157958;-3,89828576526035;-12,2894177298005;12,2323221057328;-58,9967894907366;-19,5006747638327;2,45954955687455
"58";"DZIALALNOSC WYDAWNICZA";"2024";253;205;13030,1;1761,27;1654,62;12002,17;94,04;239,72;2437,82;661,61;1951,6;126,13;452,1;990,33;-2,69230769230769;-0,966183574879231;11,368852003641;11,1463802504039;0,819537281329774;10,9923604823966;33,6744847192609;15,8403401952257;0,642033880824067;54,2178503997576;21,1309035800353;-9,39587673299332;89,4803017602682;-1,76467087251517
"59";"DZIALALNOSC ZWIAZANA Z PRODUKCJA FILMOW, NAGRAN WIDEO, PROGRAMOW TELEWIZYJNYCH, NAGRAN DZWIEKOWYCH I MUZYCZNYCH";"2022";56;40;4601,13;87,82;225,1;4649,46;98,98;68,78;891,98;1012,87;1788,21;373,96;463,45;85,96;0;-13,0434782608696;39,7075970122062;28,6739926739927;178,038537549407;37,7899481671808;51,9263238679969;-2,83938409379857;50,2798507462686;-12,384519566797;28,6293171822049;34,7895040369089;-4,34863369933129;-1,48980059592025
"59";"DZIALALNOSC ZWIAZANA Z PRODUKCJA FILMOW, NAGRAN WIDEO, PROGRAMOW TELEWIZYJNYCH, NAGRAN DZWIEKOWYCH I MUZYCZNYCH";"2023";59;39;5142,32;355,71;416,2;4976,76;89,04;70,72;1006,73;797,52;1745,99;348,92;331,49;85,94;5,35714285714286;-2,5;11,7621106119584;305,044409018447;84,8956019546868;7,03952717089726;-10,04243281471;2,82058738005233;-2,36102023811521;-21,2613662167899;12,8646382205879;-6,69590330516632;-28,4734059769123;-0,0232666356444811
"59";"DZIALALNOSC ZWIAZANA Z PRODUKCJA FILMOW, NAGRAN WIDEO, PROGRAMOW TELEWIZYJNYCH, NAGRAN DZWIEKOWYCH I MUZYCZNYCH";"2024";60;45;5650,62;381,88;501,11;5377,07;80,44;52,63;1034,19;786,34;1691,09;327,36;353,52;106,55;1,69491525423728;15,3846153846154;9,88464350721077;7,35711675241069;20,4012493993273;8,04358659047251;-9,6585804132974;-25,5797511312217;-3,14434790577266;-1,40184572173738;2,72764296285997;-6,17906683480454;6,64575100304685;23,9818478007912
"60";"NADAWANIE PROGRAMOW OGOLNODOSTEPNYCH I ABONAMENTOWYCH";"2022";68;46;14555,2;2045,29;1587,3;14238,72;443,22;1054,05;1252,2;7003,5;4878,13;916,18;4810,12;1824,7;-4,22535211267606;-30,3030303030303;-9,27133824028085;-53,9593819501346;-5,80660475328607;-6,86476254266357;57,5781277775803;-11,4704943642808;-18,8900638819332;15,8948068668108;-63,1467420095356;-44,1581792804159;27,8301310159717;-10,6638400791183
"60";"NADAWANIE PROGRAMOW OGOLNODOSTEPNYCH I ABONAMENTOWYCH";"2023";71;62;13603,52;1393,32;1739,14;13220,35;311,7;842,38;1400,95;3527,24;3972,85;946,96;3219,09;1816,41;4,41176470588236;34,7826086956522;-6,53841925909641;-31,8766531885454;9,56592956592957;-7,15211760607695;-29,6737511845133;-20,0815900573977;-18,5579310104487;-49,6360391232955;11,8790927966778;3,35960182496891;-33,0767215786716;-0,454321258289037
"60";"NADAWANIE PROGRAMOW OGOLNODOSTEPNYCH I ABONAMENTOWYCH";"2024";70;46;12524,36;992,59;882,57;12416,96;219,63;405,12;1356,69;1835,03;4031,5;1474,27;901,49;1662;-1,40845070422535;-25,8064516129032;-7,9329467667192;-28,7608015387707;-49,2525041112274;-6,07691929487496;-29,5380173243503;-51,9076901160996;1,47627018387304;-47,9754709064311;-3,15928477104822;55,6845062093436;-71,9955018343693;-8,50083406279419
"61";"TELEKOMUNIKACJA";"2022";202;163;46883,96;3247,41;5084,07;45667,09;2294,98;6516,63;3784,38;36551,59;17507,79;3699,58;25263,75;1557,85;9,18918918918918;7,23684210526316;12,6563852369165;-65,4132735766063;2,46443319850296;17,1223410162312;161,780809417347;19,47605026456;26,6862762123909;26,0372274671274;-18,8698660972692;165,305566312408;42,7310348723888;42,1707308169672
"61";"TELEKOMUNIKACJA";"2023";204;170;49883,16;2823,7;5204,76;50909,75;3613,23;6404,75;4878,5;46060,84;19703,69;3673,19;28757,51;1749,84;0,990099009900991;4,29447852760736;6,3970705546204;-13,0476287256614;2,37388548938156;11,4801709502401;57,44058771754;-1,71683830446105;12,5424168327356;26,0159681152037;28,9114729493338;-0,713324215181177;13,8291425461382;12,3240363321244
"61";"TELEKOMUNIKACJA";"2024";209;164;53174,73;3737,37;5949,18;53709,28;4011,67;6185,38;3863,99;48807,42;21235,99;4235,36;31852,68;1991,19;2,45098039215685;-3,52941176470588;6,598559513872;32,3571909197153;14,3026767804856;5,49900559323115;11,0272526243832;-3,42511417307467;7,77671593493403;5,96293945138648;-20,7955314133443;15,3046806726578;10,7629972135974;13,7926896173364
"62";"DZIALALNOSC ZWIAZANA Z OPROGRAMOWANIEM I DORADZTWEM W ZAKRESIE INFORMATYKI ORAZ DZIALALNOSC POWIAZANA";"2022";1591;1304;74622,06;5695,74;6353,53;70076,18;295,08;1360,55;9536,29;2900,27;15000,33;1579,7;2005,41;1129,43;15,123010130246;15,3982300884956;31,9793005856132;33,9534293031799;38,6852088726682;31,800430330798;123,884673748103;7,53380808232496;36,9105446181649;15,7556744934165;24,7975177356012;33,9012502648866;14,1090784944095;31,8734310234106
"62";"DZIALALNOSC ZWIAZANA Z OPROGRAMOWANIEM I DORADZTWEM W ZAKRESIE INFORMATYKI ORAZ DZIALALNOSC POWIAZANA";"2023";1711;1334;86735,76;5464,7;5886,53;83517,31;443,17;1389,02;10927,34;4033,28;16770,03;2096,41;3064,75;1125,7;7,54242614707732;2,30061349693251;16,2334033662432;-4,05636493238807;-7,3502446671378;19,1807401602085;50,1863901314898;2,09253610672155;11,7977404497101;39,0656731959438;14,5869095843352;32,7093751978224;52,8241107803392;-0,330255084423114
"62";"DZIALALNOSC ZWIAZANA Z OPROGRAMOWANIEM I DORADZTWEM W ZAKRESIE INFORMATYKI ORAZ DZIALALNOSC POWIAZANA";"2024";1688;1347;94371,58;6071,08;6875,06;90662,38;450,91;1150,09;11952,35;4507,83;17992,18;1680,68;2912,29;1348,58;-1,34424313267095;0,974512743628186;8,8035430830375;11,0963090380076;16,7930852301781;8,55519652153549;1,7465081120112;-17,2013361938633;7,2877031227732;11,765858060933;9,38023343283909;-19,8305674939539;-4,97463088343259;19,7992360309141
"63";"DZIALALNOSC USLUGOWA W ZAKRESIE INFORMACJI";"2022";232;178;23422,23;-763,54;3061,15;24007,78;525,31;927,4;3033,5;7974,7;5800,9;757,95;6954,74;144,92;-1,27659574468085;-3,26086956521739;31,7827176275518;-134,914102546515;5,303804304826;55,8003857405778;262,958612588959;-8,19457918390781;38,4786895264286;42,8637968624318;-23,5913453061636;118,133939620687;48,5953951866539;29,6823266219239
"63";"DZIALALNOSC USLUGOWA W ZAKRESIE INFORMACJI";"2023";240;186;28018,33;1526,73;3836,13;26668,33;693,85;1502,1;4112,07;9180,13;5966,7;881,67;7901,84;265,37;3,44827586206897;4,49438202247192;19,6228113206983;-299,954160882207;25,3166293713147;11,0820325744405;32,0839123565133;61,9689454388613;2,8581771794032;15,1156783327272;35,5552991593868;16,3229764496339;13,6180504231646;83,1148219707425
"63";"DZIALALNOSC USLUGOWA W ZAKRESIE INFORMACJI";"2024";240;192;33642,95;3514,05;4765,12;30714,64;727,31;1341,72;5970,87;10138,04;7040,8;421,66;9291,75;288,48;0;3,2258064516129;20,0747867556703;130,168399127547;24,2168539648031;15,1727161018331;4,82236794696258;-10,6770521270222;18,0015754101932;10,4346016886471;45,2035106406263;-52,1748500005671;17,5897006266895;8,70859554584167
"64";"FINANSOWA DZIALALNOSC USLUGOWA, Z WYLACZENIEM UBEZPIECZEN I FUNDUSZOW EMERYTALNYCH";"2022";283;200;35416,03;8832,61;13023,46;37689,39;8457,69;3403,54;22599,06;95325,2;123364,38;80263,05;78683,33;3999,04;-0,352112676056338;-3,3816425120773;55,2896024105472;184,512654333912;171,278565730081;48,5324839770305;281,616492500948;-20,7539174369601;26,8949006848132;19,7244728994349;28,3360818840975;25,0326550888896;24,6657789807943;70,9575923392613
"64";"FINANSOWA DZIALALNOSC USLUGOWA, Z WYLACZENIEM UBEZPIECZEN I FUNDUSZOW EMERYTALNYCH";"2023";274;204;39705,34;3482,31;13004,62;45563,42;12148,16;5094,38;35252,75;98461,29;147765,95;91874,49;84156,16;4412,47;-3,18021201413428;2;12,1112106579987;-60,5743942051104;-0,1446620176205;20,8919008771434;43,6344912145042;49,67886377125;19,7800775231878;3,28988557065708;55,9921076363353;14,4667315782293;6,95551395702241;10,3382311754821
"64";"FINANSOWA DZIALALNOSC USLUGOWA, Z WYLACZENIEM UBEZPIECZEN I FUNDUSZOW EMERYTALNYCH";"2024";275;207;53365,98;12918,07;22975,98;48744,24;11970,72;7183,72;42402,54;111131,32;151225,52;94090,5;96305,19;12153,56;0,364963503649629;1,47058823529411;34,4050447622411;270,962665586924;76,6755199306093;6,98108263163739;-1,46063272133393;41,0126453071816;2,34124979401544;12,8680316904237;20,2815099531242;2,41199706251429;14,4362931958873;175,436660192591
"65";"UBEZPIECZENIA, REASEKURACJA ORAZ FUNDUSZE EMERYTALNE, Z WYLACZENIEM OBOWIAZKOWEGO UBEZPIECZENIA SPOLECZNEGO";"2022";0;0;0;0;0;0;0;0;0;0;0;0;0;0;0;0;0;0;0;0;0;0;0;0;0;0;0;0
"65";"UBEZPIECZENIA, REASEKURACJA ORAZ FUNDUSZE EMERYTALNE, Z WYLACZENIEM OBOWIAZKOWEGO UBEZPIECZENIA SPOLECZNEGO";"2023";0;0;0;0;0;0;0;0;0;0;0;0;0;0;0;0;0;0;0;0;0;0;0;0;0;0;0;0
"65";"UBEZPIECZENIA, REASEKURACJA ORAZ FUNDUSZE EMERYTALNE, Z WYLACZENIEM OBOWIAZKOWEGO UBEZPIECZENIA SPOLECZNEGO";"2024";0;0;0;0;0;0;0;0;0;0;0;0;0;0;0;0;0;0;0;0;0;0;0;0;0;0;0;0
"66";"DZIALALNOSC WSPOMAGAJACA USLUGI FINANSOWE ORAZ UBEZPIECZENIA I FUNDUSZE EMERYTALNE";"2022";354;299;34848,92;1943,09;2361,27;37143,42;293,01;363,11;3286,71;2843,41;6156,07;1161,96;1960,94;277,47;4,73372781065089;7,16845878136201;28,0533776824523;-5,66654205970454;18,2390850412863;31,2730475373903;109,053938356164;25,2794645321557;27,3296447592947;9,01099153877709;-1,87812348863453;55,7440990791749;2,72294862123879;39,1105986162639
"66";"DZIALALNOSC WSPOMAGAJACA USLUGI FINANSOWE ORAZ UBEZPIECZENIA I FUNDUSZE EMERYTALNE";"2023";361;291;33195,06;1866,38;2111,86;36233,83;400,35;364,16;4434,63;4890,87;6357,54;976,95;3156,27;281,3;1,97740112994351;-2,67558528428093;-4,74579986983815;-3,94783566381381;-10,5625362622656;-2,44885904421294;36,6335619944712;0,28916857150727;3,2727048262934;72,0072026193901;34,9261115218562;-15,922234844573;60,9569900149928;1,38032940498072
"66";"DZIALALNOSC WSPOMAGAJACA USLUGI FINANSOWE ORAZ UBEZPIECZENIA I FUNDUSZE EMERYTALNE";"2024";390;329;38140,04;2364,26;2729,98;40280,72;477,24;336,89;5881,64;5920,05;6778,89;1400,54;3442,23;240,11;8,03324099722991;13,0584192439863;14,8967346346113;26,6762395653618;29,2689856335174;11,168816545201;19,2056950168602;-7,48846660808437;6,62756349153919;21,0428819412497;32,6297797110469;43,3584113823635;9,06006140159112;-14,6427301813011
"68";"DZIALALNOSC ZWIAZANA Z OBSLUGA RYNKU NIERUCHOMOSCI";"2022";1846;1600;44237;2635,08;2609,3;45166,56;1035,11;5612,69;16336,9;30887,46;20786,14;2773,26;24114,71;7681,12;-0,965665236051505;-0,867410161090454;4,9128090293745;-25,394533439788;8,94689814698835;4,20677194882428;60,010820837842;-0,155654067285249;3,87922784260399;3,24805169713107;1,53581867755888;5,0159042714329;9,01905629908515;-12,9732522410652
"68";"DZIALALNOSC ZWIAZANA Z OBSLUGA RYNKU NIERUCHOMOSCI";"2023";1882;1624;55715,85;3267,52;3235,48;58142,98;1638,22;6938,93;18629,38;28961,95;27861,98;7473,4;21543,33;9205,41;1,95016251354279;1,49999999999999;25,9485272509438;24,000789349849;23,9980071283486;28,7301490306103;58,2653051366522;23,6293114353367;34,0411447243211;-6,23395384405192;14,0325275909138;169,480683383455;-10,6631180719154;19,8446320328285
"68";"DZIALALNOSC ZWIAZANA Z OBSLUGA RYNKU NIERUCHOMOSCI";"2024";1870;1632;58852,73;3400,06;3109,11;61280,24;1603,1;6134,6;20768,13;31541,96;28467,22;6564,88;22185,52;7993,54;-0,637619553666313;0,492610837438434;5,63013935890775;4,05628733718539;-3,9057574146649;5,39576746840289;-2,14379021132693;-11,5915566232834;2,17227921346581;8,90827447737461;11,4805216276656;-12,1567158187706;2,98092263359471;-13,164758549592
"69";"DZIALALNOSC PRAWNICZA, RACHUNKOWO-KSIEGOWA I DORADZTWO PODATKOWE";"2022";784;686;19431,19;1916,29;2152,67;17691,11;96,97;292,29;2883,63;1295,84;4255,59;808,7;586,42;108,38;9,95792426367461;14,1430948419301;27,4010145561333;20,5047100401202;5,63281449349324;27,9281709227171;154,915878023134;65,2102645263396;17,343469521123;33,0704456767303;15,2967753543512;1,48201131900263;8,25749044656536;128,024405638544
"69";"DZIALALNOSC PRAWNICZA, RACHUNKOWO-KSIEGOWA I DORADZTWO PODATKOWE";"2023";823;735;22384,7;1956,99;2291,17;20743,91;121,88;257,82;3265,32;1343,15;4703,93;765,43;757,78;89,14;4,97448979591837;7,14285714285714;15,1998410802427;2,12389565253694;6,43387049570998;17,2561246863538;25,6883572238837;-11,7930822128708;10,5353194269185;3,65091369304853;13,2364415684398;-5,35056263138372;29,2213771699465;-17,7523528326259
"69";"DZIALALNOSC PRAWNICZA, RACHUNKOWO-KSIEGOWA I DORADZTWO PODATKOWE";"2024";879;778;24840,16;3105,44;2792;22651,16;159,29;351,41;3626,82;1462,37;5621,43;930,54;823,9;145,25;6,80437424058322;5,85034013605443;10,969367469745;58,6845103960674;21,8591374712483;9,1942647263703;30,6941253692156;36,300519742456;19,5049671232353;8,87614935040761;11,0708904487156;21,5708817266112;8,72548760854073;62,9459277540947
"70";"DZIALALNOSC FIRM CENTRALNYCH (HEAD OFFICES), DORADZTWO ZWIAZANE Z ZARZADZANIEM";"2022";707;566;26711,87;4661,94;1115,11;29195,34;845,43;622,21;23309,33;79658,7;22527,24;5601,48;4886,97;2360,34;5,36512667660209;5,00927643784788;17,86700802022;5,61999873127497;-4,81267445731505;24,3597962388788;77,2687243143504;51,6512710521826;25,5832700136971;-1,07184678131145;77,5495778220416;4,12776074788592;-19,2480621564056;50,2673864880695
"70";"DZIALALNOSC FIRM CENTRALNYCH (HEAD OFFICES), DORADZTWO ZWIAZANE Z ZARZADZANIEM";"2023";755;606;29831;5158,4;1318,9;31939,01;1115,17;665,23;29846,63;63107,51;40151,43;7259,23;3818,56;554,78;6,78925035360678;7,06713780918728;11,6769436209446;10,649214704608;18,2753270977751;9,39762989572992;31,9056574760773;6,91406438340754;78,2350168063198;-20,7776300642617;28,0458511677513;29,5948570734877;-21,8624219096905;-76,4957590855555
"70";"DZIALALNOSC FIRM CENTRALNYCH (HEAD OFFICES), DORADZTWO ZWIAZANE Z ZARZADZANIEM";"2024";776;636;34882,87;6106,02;1235,52;37612,59;1411,44;1662,18;15093,18;32688,87;64584,17;8553,1;6485,46;1550,51;2,78145695364238;4,95049504950495;16,9349669806577;18,3704249379653;-6,32193494578817;17,7637941814727;26,5672498363478;149,865460066443;60,8514815038966;-48,2012996551441;-49,4308737703386;17,8237912285463;69,840463420766;179,481956811709
"71";"DZIALALNOSC W ZAKRESIE ARCHITEKTURY I INZYNIERII, BADANIA I ANALIZY TECHNICZNE";"2022";868;685;19624,28;816,36;922,55;19158,13;142,75;530,55;2968,06;1197,29;6619,12;917,96;893,19;1263;3,33333333333334;0,292825768667648;26,8392691980297;5,05076501396198;24,2675682592707;27,9576736680684;108,790405148457;43,3802664648812;64,4158734574648;18,9085311351674;25,7871070821626;30,3698233255695;25,9113592150892;66,6138990026912
"71";"DZIALALNOSC W ZAKRESIE ARCHITEKTURY I INZYNIERII, BADANIA I ANALIZY TECHNICZNE";"2023";898;708;22879,98;979,46;1235,54;22334,95;191,07;514,48;2342,93;1321,96;5950,97;897,83;1018,04;1213,67;3,45622119815667;3,35766423357664;16,5901627983294;19,9789308638346;33,9266164435532;16,5820985659874;33,8493870402802;-3,02893224012816;-10,0942421349061;10,4126819734567;-21,0619057566222;-2,19290600897643;13,9779890056987;-3,90577988915281
"71";"DZIALALNOSC W ZAKRESIE ARCHITEKTURY I INZYNIERII, BADANIA I ANALIZY TECHNICZNE";"2024";900;674;23831,32;833,78;1213,46;23500,98;192,53;505,9;2943,64;1204,86;6406,02;978,47;907,49;969,96;0,222717149220486;-4,80225988700564;4,15795818003337;-14,8735017254406;-1,78707285883095;5,2206519378821;0,764117862563474;-1,66770331208211;7,64665256252341;-8,85805924536296;25,6392636570448;8,98165577002328;-10,8591018034655;-20,0804172468628
"72";"BADANIA NAUKOWE I PRACE ROZWOJOWE";"2022";337;234;17068,73;-33,22;-1194,94;19660,54;102,6;247,43;5971,29;1349,19;4191,91;363,68;965,07;2655,31;0,59701492537314;-6,02409638554217;16,3908514211719;-152,158894645941;115,860686092093;21,9835494252474;121,168355248976;3,10012917204883;19,6502324837946;31,7233905453693;12,9157550578923;8,76248579460495;25,1452357487422;18,8712356240795
"72";"BADANIA NAUKOWE I PRACE ROZWOJOWE";"2023";339;221;22040,41;-298,46;-1120,41;24437,11;140,63;234,13;6031,99;1417,07;5591,7;784,76;1018,72;2713,22;0,593471810089019;-5,55555555555556;29,1274160409122;798,434677904877;-6,23713324518386;24,2952126442102;37,0662768031189;-5,3752576486279;33,3926539453376;5,03116684825708;1,01653076638382;115,783106027277;5,5591822354855;2,18091296308152
"72";"BADANIA NAUKOWE I PRACE ROZWOJOWE";"2024";351;240;24592,58;-170,63;-1318,58;27207,39;136,84;235,31;6674,04;1354,67;6756,35;606,06;1040,68;2943,83;3,53982300884956;8,59728506787329;11,5795032851022;-42,8298599477317;17,6872751939022;11,3363650611713;-2,69501528834529;0,50399350788024;20,8281917842517;-4,40345219361075;10,644082632763;-22,7712931342066;2,15564630124077;8,49949506490444
"73";"REKLAMA, BADANIE RYNKU I OPINII PUBLICZNEJ";"2022";421;350;24877,03;1525,54;1361,89;23962,36;152,79;271,48;2320,52;583,19;7887,95;474,43;274,67;265,89;4,98753117206983;1,44927536231885;12,5349904370027;6,11861600745698;-4,18402093769347;14,1482218258868;155,758285905591;-43,0776004864445;6,51230746171514;-31,5223389890213;-11,2747572073105;-37,475454341781;-5,67975000858486;-17,4664762850757
"73";"REKLAMA, BADANIE RYNKU I OPINII PUBLICZNEJ";"2023";458;363;28760,01;1715,79;1825,5;27631,58;181,1;229,78;2566,65;514,56;8746;675,15;244,87;252,45;8,78859857482186;3,71428571428571;15,6086960541512;12,4709938775778;34,0416626893508;15,3124316636592;18,52869952222;-15,3602475320466;10,8779847742443;-11,7680344313174;10,6066743660904;42,3076112387496;-10,8493828958386;-5,05472187746813
"73";"REKLAMA, BADANIE RYNKU I OPINII PUBLICZNEJ";"2024";453;363;30953,58;1720,5;1865,17;29837,57;195,78;174,8;3233,71;681,52;10296,94;552,23;410,21;869,2;-1,09170305676856;0;7,62715311990505;0,274509118248734;2,173103259381;7,98358255300637;8,10601877415793;-23,927234746279;17,733135147496;32,4471393034826;25,9895194124637;-18,2063245204769;67,5215420427165;244,305803129333
"74";"POZOSTALA DZIALALNOSC PROFESJONALNA, NAUKOWA I TECHNICZNA";"2022";207;163;5044,18;336,58;305,61;4949,85;21,92;184,43;1464,15;499,27;2288,6;255,85;168,57;230,02;4,02010050251256;-1,80722891566265;-2,79202784319318;11,6944315391252;-0,936790923824959;-0,850309476593947;95,3654188948307;-21,5191489361702;81,8225152935568;9,63569687520587;86,80147996938;4,36467468896593;-32,4531174867767;17,5430527875722
"74";"POZOSTALA DZIALALNOSC PROFESJONALNA, NAUKOWA I TECHNICZNA";"2023";232;179;5659,02;331,64;267,53;5583,87;38,63;135,32;620,71;560,44;1775,58;251,08;295,76;186,46;12,0772946859903;9,81595092024541;12,1890971376914;-1,46770455760888;-12,4603252511371;12,8088729961514;76,2317518248175;-26,6279889388928;-22,416324390457;12,251887756124;-57,6061195915719;-1,86437365643931;75,4523343418165;-18,9374836970698
"74";"POZOSTALA DZIALALNOSC PROFESJONALNA, NAUKOWA I TECHNICZNA";"2024";243;181;6178,12;353,97;278,86;6117,54;54,03;114,93;630,79;614,46;2092,84;506,94;254,29;244,08;4,74137931034482;1,1173184357542;9,17296634399594;6,73320467977325;4,2350390610399;9,55735000993934;39,8653895935801;-15,0679869937925;17,8679642708298;9,63885518521161;1,62394677063362;101,903775689023;-14,021503922099;30,9020701490936
"75";"DZIALALNOSC WETERYNARYJNA";"2022";30;25;472,38;40,66;39,95;437,41;1,22;6,58;31,45;42,67;71,01;6,8;34,1;57,75;30,4347826086957;31,5789473684211;23,8250019659755;-11,7046688382193;-2,82169788372658;27,205839585878;134,615384615385;95,8333333333333;50,1268498942918;584,911717495987;19,9466056445462;128,956228956229;739,901477832512;29,7752808988764
"75";"DZIALALNOSC WETERYNARYJNA";"2023";36;30;766,27;23,87;39,79;781,12;12,78;31,15;80,33;183,66;158,77;39,98;183,6;80,18;20;20;62,2147423684322;-41,2936546974914;-0,400500625782241;78,5784504240872;947,540983606557;373,404255319149;123,58822701028;330,419498476681;155,421303656598;487,941176470588;438,41642228739;38,8398268398269
"75";"DZIALALNOSC WETERYNARYJNA";"2024";35;28;820,11;21,88;70,68;842,44;19,52;28,4;73,33;131,87;327,76;186,43;105,12;46,33;-2,77777777777778;-6,66666666666667;7,02624401320684;-8,33682446585673;77,6325709977381;7,85026628430971;52,7386541471049;-8,82825040128411;106,436984316936;-28,1988456931286;-8,71405452508403;366,308154077039;-42,7450980392157;-42,2175106011474
"77";"WYNAJEM I DZIERZAWA";"2022";236;205;18607,14;1704,87;3399,07;18428,53;1861,18;17599,42;1640,36;23092,62;22883,79;16121,13;20887,71;1239,14;8,25688073394495;10,8108108108108;15,035916382433;-3,26539644352652;30,8698682087869;17,3602597797934;164,54877546089;11,7744266926127;-14,0785682934091;-31,5345374851092;-9,68225040055941;-19,1224396420767;-30,5551113417698;12,2256939727392
"77";"WYNAJEM I DZIERZAWA";"2023";240;204;18709,67;1822,59;3967,63;19005,42;2817,39;19222,13;2526,53;28302,6;23566,36;17483,54;23497,53;1298,4;1,69491525423728;-0,487804878048781;0,551025036625719;6,90492530222246;16,7269282480208;3,13041789008672;51,3765460621756;9,22024703086808;2,98276640364206;22,5612338487361;54,0228974127631;8,4510825233715;12,4945242920358;4,78234904853365
"77";"WYNAJEM I DZIERZAWA";"2024";249;192;19436,83;1512,67;4206,32;20359,57;3252,4;20988,66;1820,1;34832,82;22734,94;17849,76;27534,31;1357,97;3,75000000000001;-5,88235294117647;3,88654636880288;-17,004372897909;6,01593394545357;7,12507274240717;15,4401769013165;9,19008455358485;-3,52799498946804;23,0728625638634;-27,9604833506826;2,09465588776643;17,1795929189153;4,58795440542206
"78";"DZIALALNOSC ZWIAZANA Z ZATRUDNIENIEM";"2022";616;509;18157,96;725,4;674,42;17818,94;73,71;116,21;954,03;548,09;3457,5;420,84;404,32;137,98;7,5043630017452;4,94845360824743;18,733955056503;29,6097770154374;36,7132229227058;18,225764930374;100,407830342577;21,0394750546818;10,4300944764192;-13,2755265114954;18,0321175830158;-18,8992310805342;-9,6410852366692;19,1948859709744
"78";"DZIALALNOSC ZWIAZANA Z ZATRUDNIENIEM";"2023";624;499;19399,91;1786,39;654,53;19232,08;100,69;126,38;1259,31;555,16;4534,31;364,92;424,05;125,82;1,29870129870129;-1,96463654223968;6,83970005441141;146,262751585332;-2,94920079475698;7,93055030209431;36,6029032695699;8,75139833060839;31,1441793203182;1,28993413490484;31,9989937423351;-13,2877102936983;4,87979817965969;-8,81287143064212
"78";"DZIALALNOSC ZWIAZANA Z ZATRUDNIENIEM";"2024";597;454;20998,1;648,53;664,38;20691,87;107,71;106,03;996,65;477,19;3930,13;294,37;361,74;109,16;-4,32692307692307;-9,01803607214429;8,23813100163866;-63,6960574118754;1,50489664339297;7,59039063897404;6,9718939318701;-16,1022313657224;-13,3246293261819;-14,0445997550256;-20,8574536849545;-19,3330044941357;-14,694021931376;-13,241138133842
"79";"DZIALALNOSC ORGANIZATOROW TURYSTYKI, POSREDNIKOW I AGENTOW TURYSTYCZNYCH ORAZ POZOSTALA DZIALALNOSC USLUGOWA W ZAKRESIE REZERWACJI I DZIALALNOSCI Z NIA ZWIAZANE";"2022";68;51;14907,33;236,5;225,51;14856,16;33,38;39,97;990,75;383,13;1933,3;375,52;227,19;34,4;0;-1,92307692307693;96,4201904997819;0,122772109563529;128,480243161094;95,8220853720263;115,772462831286;1,57560355781448;45,9380708667361;-18,3526904635056;51,7158476639664;182,515798976828;-23,2958573888382;165,227447956823
"79";"DZIALALNOSC ORGANIZATOROW TURYSTYKI, POSREDNIKOW I AGENTOW TURYSTYCZNYCH ORAZ POZOSTALA DZIALALNOSC USLUGOWA W ZAKRESIE REZERWACJI I DZIALALNOSCI Z NIA ZWIAZANE";"2023";88;75;21814,53;787,26;1177,74;21052,48;38,69;55,1;1496,56;375,25;2852,39;319,09;274,84;31,13;29,4117647058824;47,0588235294118;46,3342530151275;232,879492600423;422,256219236398;41,7087591948391;15,9077291791492;37,8533900425319;47,5399575854756;-2,05674314201446;51,0532424930608;-15,0271623348956;20,9736344029227;-9,50581395348837
"79";"DZIALALNOSC ORGANIZATOROW TURYSTYKI, POSREDNIKOW I AGENTOW TURYSTYCZNYCH ORAZ POZOSTALA DZIALALNOSC USLUGOWA W ZAKRESIE REZERWACJI I DZIALALNOSCI Z NIA ZWIAZANE";"2024";91;77;28287,98;1139,65;1951,79;26896,59;47,3;32,43;1331,15;328,52;3391,45;126,48;174,8;61,35;3,40909090909092;2,66666666666666;29,6749460107552;44,7615781317481;65,7233345220507;27,7597223700011;22,2538123546136;-41,1433756805808;18,8985377174931;-12,4530313124584;-11,0526808146683;-60,3622802344166;-36,3993596274196;97,0767748152907
"80";"DZIALALNOSC DETEKTYWISTYCZNA I OCHRONIARSKA";"2022";427;327;13865,22;325,59;-460,52;14519,71;30,17;175,88;741,79;176,52;2191,38;111,65;80,57;96,44;-0,233644859813087;-7,6271186440678;11,824136048255;-17,8404703626132;10,4523432628196;11,5574094192599;94,1441441441442;36,2143742255266;12,8570913566768;10,0018695083193;-7,65141612200436;1,55539385119157;-15,7834221804118;76,1782974059189
"80";"DZIALALNOSC DETEKTYWISTYCZNA I OCHRONIARSKA";"2023";441;344;16055,35;395,03;-354,04;16656,83;38,88;179,75;809,27;180,66;2550,07;126,26;85,2;91,51;3,27868852459017;5,19877675840978;15,7958546636837;21,3274363463251;-23,1216885260141;14,7187512698256;28,8697381504806;2,20036388446669;16,3682245890717;2,3453433038749;9,09691422100596;13,0855351545007;5,7465557899963;-5,11198672749895
"80";"DZIALALNOSC DETEKTYWISTYCZNA I OCHRONIARSKA";"2024";433;364;17289,55;515,14;-304,51;17808,21;37,74;187,76;855,31;194,78;2816,99;131,24;92,46;92,37;-1,8140589569161;5,8139534883721;7,68715724042142;30,4052856745057;-13,9899446390238;6,91235967467998;-2,9320987654321;4,45618915159944;10,4671636464881;7,81578656038968;5,68907781086658;3,94424204023445;8,52112676056338;0,939788001311337
"81";"DZIALALNOSC USLUGOWA ZWIAZANA Z UTRZYMANIEM PORZADKU W BUDYNKACH I ZAGOSPODAROWANIEM TERENOW ZIELENI";"2022";421;357;7921,1;326,64;-1,02;8032,28;30,78;202,39;701,28;140,06;1489,99;218,57;69,43;77,63;1,44578313253012;-0,27932960893855;11,9398661147705;-20,7915029826859;-106,697307944846;11,8807909384176;103,034300791557;4,06725627313862;20,5054793966598;-6,84403059527768;8,97732746965858;24,576802507837;-21,3436048487595;15,779269202088
"81";"DZIALALNOSC USLUGOWA ZWIAZANA Z UTRZYMANIEM PORZADKU W BUDYNKACH I ZAGOSPODAROWANIEM TERENOW ZIELENI";"2023";435;377;9189,71;531,18;213,79;9096,21;41,29;192,13;660,4;167,68;1590,12;182,88;103,79;77,59;3,32541567695963;5,60224089635855;16,0155786443802;62,6193975018369;-21059,8039215686;13,2456786865;34,1455490578298;-5,06942042591036;6,72017933006261;19,7201199485935;-5,82934063426876;-16,3288648945418;49,4886936482788;-0,0515264717248387
"81";"DZIALALNOSC USLUGOWA ZWIAZANA Z UTRZYMANIEM PORZADKU W BUDYNKACH I ZAGOSPODAROWANIEM TERENOW ZIELENI";"2024";469;398;10868,78;556,65;267,44;10729,83;39,53;232,45;831,16;173,81;1843,89;215,96;89,52;89,44;7,816091954023;5,57029177718833;18,2711968059928;4,7949847509319;25,0947191168904;17,9593479042371;-4,2625333010414;20,9857908707646;15,9591728926119;3,65577290076335;25,8570563294973;18,0883639545057;-13,7489160805473;15,2725866735404
"82";"DZIALALNOSC ZWIAZANA Z ADMINISTRACYJNA OBSLUGA BIURA I POZOSTALA DZIALALNOSC WSPOMAGAJACA PROWADZENIE DZIALALNOSCI GOSPODARCZEJ";"2022";395;320;17251,37;2446,34;1381,79;16446,2;265,41;562,83;1564,33;3668,28;5215,43;1013,32;1630,14;564,86;6,75675675675675;7,02341137123745;14,8090594124639;96,4742354150604;50,1472361972857;10,2410446160446;99,0176964607079;21,5248089130716;-4,65985660854719;49,0885887655611;4,97379563954072;-1,99905221520518;29,7376023685027;20,5240361021614
"82";"DZIALALNOSC ZWIAZANA Z ADMINISTRACYJNA OBSLUGA BIURA I POZOSTALA DZIALALNOSC WSPOMAGAJACA PROWADZENIE DZIALALNOSCI GOSPODARCZEJ";"2023";429;358;21244,98;2981,7;1718,67;20323,2;395,34;599,07;2080,11;5608,57;6203,33;940,32;1815,14;736,56;8,60759493670886;11,875;23,1495237769522;21,8841207681679;24,3799709073014;23,573834685216;48,9544478354244;6,43888918501145;18,9418705648432;52,8937267602255;32,971304008745;-7,20404215844945;11,3487185149742;30,3969125092943
"82";"DZIALALNOSC ZWIAZANA Z ADMINISTRACYJNA OBSLUGA BIURA I POZOSTALA DZIALALNOSC WSPOMAGAJACA PROWADZENIE DZIALALNOSCI GOSPODARCZEJ";"2024";441;368;22890,48;2988,85;2056,53;22075,73;495,61;455,14;2204,26;5637,63;6498,16;1353,17;2097,34;486;2,79720279720279;2,79329608938548;7,74535913895895;0,23979608947915;19,658224091885;8,62329751220279;25,3629787018769;-24,0255729714391;4,75276988327238;0,518135638852701;5,96843436164434;43,905266292326;15,5470101479776;-34,0175953079179
"84";"ADMINISTRACJA PUBLICZNA I OBRONA NARODOWA, OBOWIAZKOWE ZABEZPIECZENIA SPOLECZNE";"2022";0;0;0;0;0;0;0;0;0;0;0;0;0;0;0;0;0;0;0;0;0;0;0;0;0;0;0;0
"84";"ADMINISTRACJA PUBLICZNA I OBRONA NARODOWA, OBOWIAZKOWE ZABEZPIECZENIA SPOLECZNE";"2023";0;0;0;0;0;0;0;0;0;0;0;0;0;0;0;0;0;0;0;0;0;0;0;0;0;0;0;0
"84";"ADMINISTRACJA PUBLICZNA I OBRONA NARODOWA, OBOWIAZKOWE ZABEZPIECZENIA SPOLECZNE";"2024";0;0;0;0;0;0;0;0;0;0;0;0;0;0;0;0;0;0;0;0;0;0;0;0;0;0;0;0
"85";"EDUKACJA";"2022";469;343;2206,03;247,2;-465,89;2803,77;16,64;37,13;571,74;212,23;529,76;88,84;173,09;27,94;6,83371298405466;5,53846153846154;13,1506329373628;8,24065154566949;1,27823308188952;12,14317426415;17,4311926605505;8,82180539273154;-4,89560705886577;0,032993966817485;-1,57516913701389;-41,7022114311963;-5,33770850423844;36,7596671561429
"85";"EDUKACJA";"2023";512;395;3160,22;313,48;-922,95;4226,31;29,51;76,67;530,15;277,5;478,48;138,52;214,38;22,72;9,1684434968017;15,1603498542274;43,2537182177939;26,8122977346279;98,1047028268476;50,7366866754406;77,34375;106,490708322111;-9,67985502869223;30,7543702586816;-7,27428551439466;55,9207564160288;23,8546420937085;-18,6828919112384
"85";"EDUKACJA";"2024";553;428;3529,5;337,87;-1284,09;5007,54;34,36;102,64;704,03;322,82;641,21;152,93;262,79;24,99;8,0078125;8,35443037974684;11,6852624184392;7,78040066351919;39,1288802210304;18,4849194687564;16,4351067434768;33,8724403286813;34,0097809730814;16,3315315315315;32,7982646420824;10,4028299162576;22,5813975184252;9,9911971830986
"86";"OPIEKA ZDROWOTNA";"2022";1577;1240;45520,13;1598,7;1293,57;45619,51;521,59;2697,45;3923,98;6189;8335,57;1439,17;4055,11;761,26;5,27369826435247;-0,0805801772763903;11,0800305908455;-36,6838947305887;-39,001537257269;14,7219923314993;67,128072030504;28,474471327872;11,06126538563;-6,03393042047121;-2,13781579669301;6,34130121550229;-15,7971128848725;0,135485313655082
"86";"OPIEKA ZDROWOTNA";"2023";1635;1392;55902,04;2918,8;2901,95;54464,1;652,14;3434,83;4699,64;6610,78;9352,27;1396,19;4386,71;740,78;3,67786937222574;12,258064516129;22,8072942673934;82,573340839432;124,336526048069;19,3877356420531;25,0292375237255;27,336187881147;12,1971262913034;6,8149943448053;19,7671751639917;-2,98644357511622;8,17733674302299;-2,6902766466122
"86";"OPIEKA ZDROWOTNA";"2024";1694;1413;66132,1;3254,33;3283,79;64451,85;662,17;3153,83;5705,09;9035,51;10832,46;1395,97;6249,7;902,15;3,6085626911315;1,50862068965518;18,2999761726048;11,4954775935316;13,1580488981547;18,3382264647722;1,53801331002545;-8,18089978252199;15,8270665838347;36,6784252387767;21,3941918955494;-0,0157571677207313;42,4689573735214;21,7837954588407
"87";"POMOC SPOLECZNA Z ZAKWATEROWANIEM";"2022";57;48;338,72;0,65;36,49;341,85;6,89;15,41;32,85;76,9;104,88;62,11;75,73;0,9;0;11,6279069767442;21,2615902337737;-97,1837088388215;110,924855491329;27,2947309625768;135,153583617747;78,7703016241299;108,79952219789;-1,09324758842443;15,9957627118644;238,843426077469;-0,0132030631106339;50
"87";"POMOC SPOLECZNA Z ZAKWATEROWANIEM";"2023";55;46;354,8;23,8;37,98;333,23;7,09;25,32;45,16;78,42;111,01;62,88;77,4;1,15;-3,50877192982456;-4,16666666666666;4,74728389230041;3561,53846153846;4,0833104960263;-2,52157378967384;2,90275761973875;64,3088903309539;5,84477498093059;1,97659297789337;37,4733637747336;1,23973595234261;2,20520269378053;27,7777777777778
"87";"POMOC SPOLECZNA Z ZAKWATEROWANIEM";"2024";53;39;371,08;19,04;30,06;355,64;7,77;7,76;53,06;127,12;44,75;8,96;125,41;0,84;-3,63636363636364;-15,2173913043478;4,58850056369784;-20;-20,8530805687204;6,72508477628064;9,59097320169251;-69,3522906793049;-59,6883163678948;62,1015047181841;17,4933569530558;-85,7506361323155;62,0284237726098;-26,9565217391304
"88";"POMOC SPOLECZNA BEZ ZAKWATEROWANIA";"2022";91;61;1776,63;28,43;-59,23;1865,99;2,16;1,41;53,39;19,18;146,38;20,04;16,79;13,78;30;35,5555555555556;90,7585762602673;-25,7896110676064;132,913881242627;92,7675619834711;575;-34,4186046511628;58,1973414027883;133,049817739976;62,3289753724536;351,351351351351;114,980793854033;138,821490467938
"88";"POMOC SPOLECZNA BEZ ZAKWATEROWANIA";"2023";87;61;1708,16;22,45;-50,55;1786,9;2,63;7,49;51,51;27,97;181,57;20,95;27,37;10,61;-4,39560439560439;0;-3,85392569077411;-21,0341188884981;-14,6547357757893;-4,23850074223334;21,7592592592593;431,205673758865;24,0401694220522;45,8289885297185;-3,52125866267091;4,54091816367266;63,013698630137;-23,0043541364296
"88";"POMOC SPOLECZNA BEZ ZAKWATEROWANIA";"2024";90;62;1727,44;28,03;-61,09;1825,09;3,32;3,16;54,09;34,2;167,42;8,69;33,27;5,73;3,44827586206897;1,63934426229508;1,12869988759834;24,8552338530067;20,8506429277943;2,13722088533213;26,2357414448669;-57,8104138851802;-7,79313763286887;22,273864855202;5,00873616773443;-58,5202863961814;21,5564486664231;-45,9943449575872
"90";"DZIALALNOSC TWORCZA ZWIAZANA Z KULTURA I ROZRYWKA";"2022";13;9;376,93;26,23;38,88;343,34;4,01;2,19;52,8;41,77;36,97;0,25;0,69;7,11;8,33333333333333;28,5714285714286;235,675483124054;101,769230769231;-2592,30769230769;197,65062852189;203,787878787879;17,1122994652406;64,1651865008881;-21,0993577635058;92,5601750547046;-86,3387978142077;-57,6687116564417;9,04907975460123
"90";"DZIALALNOSC TWORCZA ZWIAZANA Z KULTURA I ROZRYWKA";"2023";16;11;501,38;27,85;32,45;482,26;5,48;0;73,58;35,9;49,63;1,31;4,99;8,36;23,0769230769231;22,2222222222222;33,0167405088478;6,1761341974838;-16,5380658436214;40,4613502650434;36,6583541147132;0;34,2439816067082;-14,0531481924827;39,3560606060606;424;623,188405797101;17,5808720112517
"90";"DZIALALNOSC TWORCZA ZWIAZANA Z KULTURA I ROZRYWKA";"2024";16;10;810,87;46,76;53,8;768,22;4,42;0;124,54;25,23;81,51;1,4;4,62;5,97;0;-9,09090909090909;61,7276317364075;67,8994614003591;65,7935285053929;59,2958155351885;-19,3430656934307;0;64,235341527302;-29,7214484679666;69,2579505300353;6,87022900763357;-7,41482965931863;-28,5885167464115
"91";"DZIALALNOSC BIBLIOTEK, ARCHIWOW, MUZEOW ORAZ POZOSTALA DZIALALNOSC ZWIAZANA Z KULTURA";"2022";38;29;528,78;50,09;-59,81;636,99;23,46;46,82;208,66;309,62;177,31;84,65;124,9;14,95;5,55555555555556;20,8333333333333;37,5848879868863;109,144050104384;-28,1561561561562;28,4927583007222;510,9375;6,74874601003193;52,1190803019904;-10,3512175348177;26,1776622120094;201,997859436318;-13,306031790102;-9,00791235544736
"91";"DZIALALNOSC BIBLIOTEK, ARCHIWOW, MUZEOW ORAZ POZOSTALA DZIALALNOSC ZWIAZANA Z KULTURA";"2023";38;29;612,41;37,83;-48,33;707,08;32,21;45,14;222,28;284,26;215,66;100,27;117,33;13,41;0;0;15,8156511214494;-24,4759433020563;-19,194114696539;11,0033124538847;37,2975277067349;-3,58821016659547;21,6287857424849;-8,19068535624314;6,52736509153646;18,452451269935;-6,06084867894316;-10,3010033444816
"91";"DZIALALNOSC BIBLIOTEK, ARCHIWOW, MUZEOW ORAZ POZOSTALA DZIALALNOSC ZWIAZANA Z KULTURA";"2024";37;0;0;0;0;0;0;51,39;0;0;0;0;0;0;-2,63157894736842;0;0;0;0;0;0;13,8458130261409;0;0;0;0;0;0
"92";"DZIALALNOSC ZWIAZANA Z GRAMI LOSOWYMI I ZAKLADAMI WZAJEMNYMI";"2022";22;11;55869,12;425,96;595,54;55498,55;43,98;379,3;905,39;781,78;1433,74;211,15;503,76;80,15;10;10;44,5323385529982;29,5932337460829;42,2286969812763;44,6816880596949;58,3723442563918;80,3957005612099;3,74835376354978;21,7100244422649;18,1323556274628;19,3949674865705;30,7346949368074;35,9626802374894
"92";"DZIALALNOSC ZWIAZANA Z GRAMI LOSOWYMI I ZAKLADAMI WZAJEMNYMI";"2023";22;13;69992,73;517,02;546,8;69661,8;56,02;0;814,06;819,74;1543,72;165,91;547,57;88,24;0;18,1818181818182;25,2798146811691;21,3775941402949;-8,18416898948854;25,5200361090515;27,3760800363802;0;7,67084687600261;4,85558597047764;-10,0873656656248;-21,425526876628;8,69660155629666;10,093574547723
"92";"DZIALALNOSC ZWIAZANA Z GRAMI LOSOWYMI I ZAKLADAMI WZAJEMNYMI";"2024";20;0;0;0;0;0;0;0;0;0;0;0;0;0;-9,09090909090909;0;0;0;0;0;0;0;0;0;0;0;0;0
"93";"DZIALALNOSC SPORTOWA, ROZRYWKOWA I REKREACYJNA";"2022";170;70;5129,8;-59,77;67,82;5537,51;270,24;382,79;653,77;3805,23;2038,36;859,02;2868,49;85,89;1,79640718562875;29,6296296296296;98,9374078957574;-75,8758475944462;-116,148772531371;70,0213389827907;121,073298429319;8,28265112726656;42,0410438660674;26,5297368473555;16,4037461719251;2,37153208122796;7,48520832006234;41,849710982659
"93";"DZIALALNOSC SPORTOWA, ROZRYWKOWA I REKREACYJNA";"2023";176;82;6322,15;391,91;69,45;6706,17;289,23;549,16;1013,14;3643,27;2321,99;901,92;2763,12;135,18;3,52941176470589;17,1428571428571;23,2435962415689;-755,696837878534;2,40342081981717;21,1044314141193;7,02708703374779;43,4624728963661;13,914617633784;-4,25624732276367;54,9688728451902;4,99406300202556;-3,67336124581226;57,3873559203633
"93";"DZIALALNOSC SPORTOWA, ROZRYWKOWA I REKREACYJNA";"2024";180;80;7495,99;426,06;499,75;7517,49;285,86;524,6;941,76;3876,97;2517,13;864,77;2564,47;126,17;2,27272727272727;-2,4390243902439;18,5671013816502;8,71373529636905;619,582433405328;12,0981126335897;-1,16516267330499;-4,47228494427853;8,40399829456631;6,41456713337194;-7,04542313994118;-4,11899059783573;-7,18933669185559;-6,66518715786359
"94";"DZIALALNOSC ORGANIZACJI CZLONKOWSKICH";"2022";2;0;0;0;0;0;0;0;0;0;0;0;0;0;0;0;0;0;0;0;0;0;0;0;0;0;0;0
"94";"DZIALALNOSC ORGANIZACJI CZLONKOWSKICH";"2023";2;0;0;0;0;0;0;0;0;0;0;0;0;0;0;0;0;0;0;0;0;0;0;0;0;0;0;0
"94";"DZIALALNOSC ORGANIZACJI CZLONKOWSKICH";"2024";2;0;0;0;0;0;0;0;0;0;0;0;0;0;0;0;0;0;0;0;0;0;0;0;0;0;0;0
"95";"NAPRAWA I KONSERWACJA KOMPUTEROW I ARTYKULOW UZYTKU OSOBISTEGO I DOMOWEGO";"2022";64;0;0;0;0;0;0;35,3;0;0;0;0;0;0;1,58730158730158;0;0;0;0;0;0;-10,4969574036511;0;0;0;0;0;0
"95";"NAPRAWA I KONSERWACJA KOMPUTEROW I ARTYKULOW UZYTKU OSOBISTEGO I DOMOWEGO";"2023";77;58;3113,2;70,73;100,44;3112,05;21,61;53,31;229,39;58,48;598,54;64,39;46,45;180,84;20,3125;0;0;0;0;0;0;51,0198300283286;0;0;0;0;0;0
"95";"NAPRAWA I KONSERWACJA KOMPUTEROW I ARTYKULOW UZYTKU OSOBISTEGO I DOMOWEGO";"2024";74;0;0;0;0;0;0;43,07;0;0;0;0;0;0;-3,8961038961039;0;0;0;0;0;0;-19,2084036766085;0;0;0;0;0;0
"96";"POZOSTALA INDYWIDUALNA DZIALALNOSC USLUGOWA";"2022";131;86;2567,43;226,87;279,43;2361,99;36,01;191,35;253,77;408,55;509,65;81,47;250,77;59,53;12,9310344827586;2,38095238095237;6,64609147514155;18,1306951314762;50,7742945016997;2,69387790594033;13,6320605869359;15,0977443609023;-47,0190758355424;-61,0177092477386;-46,4360343626654;-53,6259107468124;-19,6790621696935;8,39402767662054
"96";"POZOSTALA INDYWIDUALNA DZIALALNOSC USLUGOWA";"2023";130;0;0;0;0;0;0;209,01;0;0;0;0;0;0;-0,763358778625955;0;0;0;0;0;0;9,22916122288999;0;0;0;0;0;0
"96";"POZOSTALA INDYWIDUALNA DZIALALNOSC USLUGOWA";"2024";142;103;3423,23;396,02;457,86;3044,54;38,92;259,45;378,93;371,45;733,41;215,35;302,22;70,16;9,23076923076922;0;0;0;0;0;0;24,1328166116454;0;0;0;0;0;0
"97";"GOSPODARSTWA DOMOWE ZATRUDNIAJACE PRACOWNIKOW";"2022";0;0;0;0;0;0;0;0;0;0;0;0;0;0;0;0;0;0;0;0;0;0;0;0;0;0;0;0
"97";"GOSPODARSTWA DOMOWE ZATRUDNIAJACE PRACOWNIKOW";"2023";0;0;0;0;0;0;0;0;0;0;0;0;0;0;0;0;0;0;0;0;0;0;0;0;0;0;0;0
"97";"GOSPODARSTWA DOMOWE ZATRUDNIAJACE PRACOWNIKOW";"2024";0;0;0;0;0;0;0;0;0;0;0;0;0;0;0;0;0;0;0;0;0;0;0;0;0;0;0;0
"98";"GOSPODARSTWA DOMOWE PRODUKUJACE WYROBY I SWIADCZACE USLUGI NA WLASNE POTRZEBY";"2022";0;0;0;0;0;0;0;0;0;0;0;0;0;0;0;0;0;0;0;0;0;0;0;0;0;0;0;0
"98";"GOSPODARSTWA DOMOWE PRODUKUJACE WYROBY I SWIADCZACE USLUGI NA WLASNE POTRZEBY";"2023";0;0;0;0;0;0;0;0;0;0;0;0;0;0;0;0;0;0;0;0;0;0;0;0;0;0;0;0
"98";"GOSPODARSTWA DOMOWE PRODUKUJACE WYROBY I SWIADCZACE USLUGI NA WLASNE POTRZEBY";"2024";0;0;0;0;0;0;0;0;0;0;0;0;0;0;0;0;0;0;0;0;0;0;0;0;0;0;0;0
"99";"ORGANIZACJE I ZESPOLY EKSTERYTORIALNE";"2022";0;0;0;0;0;0;0;0;0;0;0;0;0;0;0;0;0;0;0;0;0;0;0;0;0;0;0;0
"99";"ORGANIZACJE I ZESPOLY EKSTERYTORIALNE";"2023";0;0;0;0;0;0;0;0;0;0;0;0;0;0;0;0;0;0;0;0;0;0;0;0;0;0;0;0
"99";"ORGANIZACJE I ZESPOLY EKSTERYTORIALNE";"2024";0;0;0;0;0;0;0;0;0;0;0;0;0;0;0;0;0;0;0;0;0;0;0;0;0;0;0;0
"OG";"OGOLEM";"2022";53067;44390;5846114,05;297244,35;357050,49;5753362,36;53270,92;230204,44;411815,08;733319,28;1486748,44;333128,02;478783,48;638730,43;2,8888845803362;1,5371242966284;29,0058283877154;15,3558538629907;39,4147454718969;29,5129533959151;134,327017566085;16,4084037762522;18,7516139912815;8,19863525462381;9,97185192199486;21,5596584033973;13,296353780781;27,2319341203038
"OG";"OGOLEM";"2023";54654;44695;6099586,53;253932,29;328331,24;6036264,79;72492,13;262721,38;479011,49;741956,57;1520872,05;350205,27;489737,83;610346,13;2,99055910452823;0,687091687316954;4,33574298811363;-14,5711970639644;-8,04347026662812;4,91716690690067;36,0819937031311;14,1252445000626;2,29518384428236;1,17783484432592;16,3171319515546;5,12633251324821;2,28795488098295;-4,44386217829015
"OG";"OGOLEM";"2024";55521;44125;5988464,75;227243,76;292356,96;5958117,16;73126,85;247568,68;492757,33;753885,39;1556052,24;358808,76;527396,37;613335,97;1,58634317707762;-1,27531043740911;-1,82179200923641;-10,5100970026301;-10,9567033584742;-1,29463555226178;0,875570906800505;-5,76759302954332;2,3131590852761;1,60775178525612;2,86962636324235;2,45669918102602;7,68953053922747;0,489859745649568
