"NAZWA_PKD";"Dynamika_liczba_jednostek_gospodarczych";"Dynamika_liczba_rentownych_jednostek_gospodarczych";"Dynamika_przychody_netto";"Dynamika_zysk_netto";"Dynamika_sprzedaz";"Dynamika_koszty";"Dynamika_odsetki";"Dynamika_naklady_inwestycyjne";"Dynamika_zobowiazania_krotkoterminowe";"Dynamika_zobowiazania_dlugoterminowe";"Dynamika_srodki_pieniezne_pap_wart";"Dynamika_krotko_terminowe_kredyty_bankowe";"Dynamika_dlugo_terminowe_kredyty_bankowe";"Dynamika_zapasy";"Dynamika_rentownosc_sprzedazy";"Punktacja_liczba_jednostek_gospodarczych";"Punktacja_liczba_rentownych_jednostek_gospodarczych";"Punktacja_przychody_netto";"Punktacja_zysk_netto";"Punktacja_sprzedaz";"Punktacja_koszty";"Punktacja_odsetki";"Punktacja_naklady_inwestycyjne";"Punktacja_zobowiazania_krotkoterminowe";"Punktacja_zobowiazania_dlugoterminowe";"Punktacja_srodki_pieniezne_pap_wart";"Punktacja_krotko_terminowe_kredyty_bankowe";"Punktacja_dlugo_terminowe_kredyty_bankowe";"Punktacja_zapasy";"Punktacja_rentownosc_sprzedazy";"suma_punktacji"
"ADMINISTRACJA PUBLICZNA I OBRONA NARODOWA, OBOWIAZKOWE ZABEZPIECZENIA SPOLECZNE";0;0;0;0;0;0;0;0;0;0;0;0;0;0;0;0;0;0;2;0;0;0;0;0;0;0;0;0;0;2;4
"BADANIA NAUKOWE I PRACE ROZWOJOWE";1,57676991477057;-0,99412229107481;19,0325902490621;201,148641103735;42,4369426802705;19,2050423768763;51,8465389212499;-0,59037832289961;24,6236927377946;10,7837017333386;8,19212281901303;33,924766229225;10,9533547618228;9,85054788402181;227,537868968387;1;-1;2;2;2;-2;-1;-1;-2;-1;1;-2;-1;-1;2;-2
"DZIALALNOSC BIBLIOTEK, ARCHIWOW, MUZEOW ORAZ POZOSTALA DZIALALNOSC ZWIAZANA Z KULTURA";0,974658869395713;6,94444444444444;17,8001797027785;28,2227022674426;-15,7834236175651;13,1653569182023;182,745009235578;5,66878295652578;24,5826220148251;-6,18063429702029;10,9016757678486;73,4834369020844;-6,45562682301506;-6,43630523330965;61,5242582927348;1;2;2;2;-1;-2;-2;1;-2;0,5;2;-2;0,5;0,5;2;4,5
"DZIALALNOSC DETEKTYWISTYCZNA I OCHRONIARSKA";0,410328235953661;1,1285372009047;11,7690493174534;11,2974172194059;-8,88642996740611;11,0628401212552;40,0272611763976;14,2903090871976;13,2308265307455;6,7209997908613;2,37819196995606;6,19505701530889;-0,505246543284055;24,0020328932438;27,9394770946572;1;2;2;2;-1;-2;-1;2;-2;-1;1;-1;0,5;-1;2;3,5
"DZIALALNOSC FIRM CENTRALNYCH (HEAD OFFICES), DORADZTWO ZWIAZANE Z ZARZADZANIEM";4,97861132795042;5,67563643218004;15,4929728739408;11,5465461246161;2,38023923155731;17,1737401053605;45,2472105422585;69,4769318340111;54,8899227746378;-23,3502588335724;18,7215184064848;17,1821363499733;9,57665978488997;51,0845280714077;10,2903764210498;2;2;2;2;1;-2;-1;2;-2;0,5;2;-2;-1;-1;2;6,5
"DZIALALNOSC ORGANIZACJI CZLONKOWSKICH";0;0;0;0;0;0;0;0;0;0;0;0;0;0;0;0;0;0;2;0;0;0;0;0;0;0;0;0;0;2;4
"DZIALALNOSC ORGANIZATOROW TURYSTYKI, POSREDNIKOW I AGENTOW TURYSTYCZNYCH ORAZ POZOSTALA DZIALALNOSC USLUGOWA W ZAKRESIE REZERWACJI I DZIALALNOSCI Z NIA ZWIAZANE";10,9402852049911;15,9341377576672;57,4764631752215;92,5879476139115;205,486598973181;55,0968556456221;51,3113347883497;-0,571460693411462;37,4588553899016;-10,9541549726595;30,572136447453;35,708785469172;-12,9071942044451;84,2661362728753;-35,0295727632269;2;2;2;2;2;-2;-1;-1;-2;0,5;2;-2;0,5;-1;-1;3
"DZIALALNOSC POCZTOWA I KURIERSKA";8,7816091954023;10,948717948718;11,4249259822482;39,0029317130144;7,51515417084361;12,2575926231657;29,9282191160847;17,7846210290123;10,5687485547475;15,6422780328584;7,19516695246134;258,216740648996;147,537146673103;11,1990287069114;22,1065943799783;2;2;2;2;2;-2;-1;2;-2;-1;1;-2;-1;-1;2;5
"DZIALALNOSC PRAWNICZA, RACHUNKOWO-KSIEGOWA I DORADZTWO PODATKOWE";7,24559610005873;9,04543070694723;17,8567410353736;27,1043720295749;11,3086074868172;18,1261867784804;70,4327868720776;29,9059006853083;15,7945853570923;15,1991695733955;13,2013691238355;5,90077680474337;15,4014517416842;57,7393268533376;13,4163480496771;2;2;2;2;2;-2;-2;2;-2;-1;2;-1;-1;-1;2;6
"DZIALALNOSC SPORTOWA, ROZRYWKOWA I REKREACYJNA";2,53284874102064;14,777820794081;46,9160351729922;-274,286316725537;168,612360564591;34,4079610101666;42,3117409299207;15,7576130264514;21,4532199314726;9,56268555265459;21,4423986257247;1,08220149513926;-1,12582987253517;30,8572932483862;-358,19552393162;2;2;2;-1;2;-2;-1;2;-2;-1;2;-1;0,5;-1;-1;2,5
"DZIALALNOSC TWORCZA ZWIAZANA Z KULTURA I ROZRYWKA";10,4700854700855;13,9009139009139;110,13995178977;58,6149421223579;-847,68407654864;99,1359314407073;73,7010557363871;5,70409982174687;54,2148365449661;-21,6246514746517;67,0580620636002;114,843810397809;186,034954827114;-0,652854993519507;-26,5368077707063;2;2;2;2;-1;-2;-2;1;-2;0,5;2;-2;-1;0,5;-1;1
"DZIALALNOSC USLUGOWA W ZAKRESIE INFORMACJI";0,723893372462706;1,48643963628914;23,8267719013068;-101,566621433725;18,2790958803146;27,3517114722838;99,9549642974782;14,3657713759771;19,7794807053417;22,8046922946021;19,0558214979498;27,4273553565845;26,6010487455027;40,501914712836;-102,473042290537;1;2;2;-1;2;-2;-2;2;-2;-1;2;-2;-1;-1;-1;-2
"DZIALALNOSC USLUGOWA WSPOMAGAJACA GORNICTWO I WYDOBYWANIE";2,02802583885143;18,8828788220269;22,5474303427733;48,3485469547612;-252,067295665237;13,0806280646358;39,0751781813912;-6,47152410368568;8,1141810421955;-22,3106916919268;-6,32983207098594;25,5656280140641;-31,5938022471426;-3,15275829406366;-5,66839445991434;1;2;2;2;-1;-2;-1;-1;-2;0,5;-1;-2;0,5;0,5;2;0,5
"DZIALALNOSC USLUGOWA ZWIAZANA Z UTRZYMANIEM PORZADKU W BUDYNKACH I ZAGOSPODAROWANIEM TERENOW ZIELENI";4,19576358783758;3,63106768820278;15,4088805217145;15,5409597566943;-7047,13550346553;14,3619391763849;44,3057721827817;6,66120890599761;14,3949438731114;5,51062075135971;9,66834772162903;8,77876718926697;4,79872423965736;10,3334431346345;-466,564977413144;2;2;2;2;-1;-2;-1;1;-2;-1;1;-1;-0,5;-1;-1;-0,5
"DZIALALNOSC USLUGOWA ZWIAZANA Z WYZYWIENIEM";13,2671498080303;16,5800132380965;23,6120980854744;38,1348991610072;61,0047188774681;21,4653166264784;39,1952592660579;16,9053522513153;8,27545720809612;-0,725939998934659;13,091485399631;-11,6630785352285;-0,637102018407124;14,4462336869044;-9,3129675448367;2;2;2;2;2;-2;-1;2;-2;0,5;2;1;0,5;-1;-1;9
"DZIALALNOSC W ZAKRESIE ARCHITEKTURY I INZYNIERII, BADANIA I ANALIZY TECHNICZNE";2,33742389357017;-0,383923294920452;15,8624633921308;3,38539805078533;18,8023706146643;16,5868080573126;47,8013033504335;12,894543637557;20,6560946283607;6,82105128775371;10,1214883275284;12,3861910288721;9,67674880577415;14,2092339555585;-13,067675226142;1;-1;2;2;2;-2;-1;2;-2;-1;2;-2;-1;-1;-1;-1
"DZIALALNOSC WETERYNARYJNA";15,8856682769726;14,9707602339181;31,0219961158715;-20,4450493338558;24,8034574960764;37,878185431425;378,298340789682;153,469779417066;93,3840204071695;295,71079009318;55,5512849253533;327,735186501285;378,524267360229;8,79919904585194;-32,8652682668958;2;2;2;-1;2;-2;-2;2;-2;-1;2;-2;-1;-1;-1;-1
"DZIALALNOSC WSPOMAGAJACA USLUGI FINANSOWE ORAZ UBEZPIECZENIA I FUNDUSZE EMERYTALNE";4,91478997927477;5,85043091368911;12,7347708157418;5,68728728061449;12,3151781375127;13,3310016794594;54,9643984558319;6,02672216519286;12,4099710257091;34,0203586998056;21,8925892480895;27,7267585389885;24,2466666792742;8,61606594664784;-4,94261505464664;2;2;2;2;2;-2;-1;1;-2;-1;2;-2;-1;-1;2;5
"DZIALALNOSC WYDAWNICZA";-1,95953365534294;-1,73608834094768;11,8354975471878;4,38040943186035;4,1299130572449;13,1575865196214;46,5169129263693;22,641596904282;5,02711762432408;17,2374285363844;6,34588380049115;12,7240638019545;18,7308471605338;6,94925619063002;-0,968528175672529;-1;-1;2;2;1;-2;-1;2;-1;-1;1;-2;-1;-0,5;2;-0,5
"DZIALALNOSC ZWIAZANA Z ADMINISTRACYJNA OBSLUGA BIURA I POZOSTALA DZIALALNOSC WSPOMAGAJACA PROWADZENIE DZIALALNOSCI GOSPODARCZEJ";6,05385149688947;7,23056915354097;15,2346474427917;39,5327174242358;31,3951437321574;14,1460589378211;57,7783743326697;1,31270837554801;6,34492794652278;34,1668170548798;14,6378446699767;11,5673906395571;18,8777770104848;5,63445110117929;4,2065010876945;2;2;2;2;2;-2;-2;1;-1;-1;2;-2;-1;-0,5;2;5,5
"DZIALALNOSC ZWIAZANA Z GRAMI LOSOWYMI I ZAKLADAMI WZAJEMNYMI";0,303030303030305;9,3939393939394;23,2707177447224;16,9902759621259;11,3481759972626;23,4005747229155;28,5828080975907;26,7985668537366;3,80640021318413;8,85520347091417;2,68166332061267;-0,67685313001915;13,1437654977014;15,3520849284041;7,77096611158622;1;2;2;2;2;-2;-1;2;-1;-1;1;1;-1;-1;2;8
"DZIALALNOSC ZWIAZANA Z OBSLUGA RYNKU NIERUCHOMOSCI";0,115625907941656;0,37506689211599;12,1638252130753;0,887514415748788;9,67971595355734;12,7775628159458;38,7107785877224;3,96070024825602;13,3642172601303;1,97412411015125;9,01628929871275;54,1132906120391;0,445620286921474;-2,09779291927623;-7,74445014826753;1;2;2;2;2;-2;-1;1;-2;-0,5;1;-2;-0,5;0,5;2;5,5
"DZIALALNOSC ZWIAZANA Z OPROGRAMOWANIEM I DORADZTWEM W ZAKRESIE INFORMATYKI ORAZ DZIALALNOSC POWIAZANA";7,10706438155079;6,22445210968542;19,005415678298;13,6644578029331;16,0426831452362;19,8454556708473;58,6058573305347;-2,52499733493893;18,6653293968827;22,1957352500978;16,2548869175918;15,5933526562517;20,6528527971054;17,1141373233005;-1,57811838751966;2;2;2;2;2;-2;-2;-1;-2;-1;2;-2;-1;-1;2;2
"DZIALALNOSC ZWIAZANA Z PRODUKCJA FILMOW, NAGRAN WIDEO, PROGRAMOW TELEWIZYJNYCH, NAGRAN DZWIEKOWYCH I MUZYCZNYCH";2,35068603712671;-0,052954292084732;20,4514503771251;113,691839481617;94,4451296344737;17,6243539761835;10,7417702133298;-8,53284928165598;14,9248275341269;-11,6825771684414;14,7405327885509;7,30484463231268;-8,72542955773224;7,4895935230755;18,1706182414642;1;-1;2;2;2;-2;-1;-1;-2;0,5;2;-1;0,5;-0,5;2;3,5
"DZIALALNOSC ZWIAZANA Z REKULTYWACJA I POZOSTALA DZIALALNOSC USLUGOWA ZWIAZANA Z GOSPODARKA ODPADAMI";8,32891246684351;-1,10144927536232;1,09991378590423;2,87623827438398;1,60665102621586;2,42658986442598;15,7957291828414;21,99041872676;-2,19886581480531;21,1602516905209;22,1072986647236;-10,5153895607144;28,4247200459107;-7,3997935611158;2,17231835209449;2;-1;1;2;1;-1;-1;2;1;-1;2;1;-1;0,5;2;9,5
"DZIALALNOSC ZWIAZANA Z ZATRUDNIENIEM";1,4920470745078;-2,01140633537885;11,270595370851;37,3921570629648;11,7563062571139;11,2489019571475;47,9942091813392;4,56288067318926;9,41654815685182;-8,67673071053872;9,72455254679883;-17,1733152894561;-6,48510299612851;-0,953041197836568;28,1053566608573;1;-1;2;2;2;-2;-1;1;-2;0,5;2;1;0,5;0,5;2;8,5
"DZIALALNOSC ZWIAZANA ZE ZBIERANIEM, PRZETWARZANIEM I UNIESZKODLIWIANIEM ODPADOW, ODZYSK SUROWCOW";4,43458982389736;2,40781391249731;7,12536531931534;-0,339937287381764;-0,509995641322769;8,65225645735499;39,1465346398908;19,631134286436;8,7297188251365;20,6128737725392;7,49190362518732;4,06523603982623;12,4130109306202;12,1570751129697;0,286931357930335;2;2;1;2;-1;-1;-1;2;-2;-1;1;-1;-1;-1;2;3
"EDUKACJA";8,00332299361879;9,68441392414526;22,6965378578653;14,2777833146055;46,1706053765892;27,121593469449;37,0700164680091;49,7283180145081;6,47810629517448;15,7062985856769;7,98293666355796;8,20712496703005;13,6994437026318;9,35599080933439;-17,2148869219079;2;2;2;2;2;-2;-1;2;-1;-1;1;-1;-1;-1;-1;4
"FINANSOWA DZIALALNOSC USLUGOWA, Z WYLACZENIEM UBEZPIECZEN I FUNDUSZOW EMERYTALNYCH";-1,05578706218033;0,0296485744056052;33,9352859435956;131,633641905242;82,6031412143565;25,4684891619371;107,930116998039;23,3125305471572;16,3387426673388;11,9607967201719;34,869899824519;13,9704612432111;15,3525287112346;85,5774945691113;18,1098268092124;-1;1;2;2;2;-2;-2;2;-2;-1;2;-2;-1;-1;2;1
"GORNICTWO ROPY NAFTOWEJ I GAZU ZIEMNEGO";-5,55555555555556;0;0;0;0;0;0;0;0;0;0;0;0;0;0;-1;0;0;2;0;0;0;0;0;0;0;0;0;0;2;3
"GORNICTWO RUD METALI";66,6666666666667;0;0;0;0;0;0;0;0;0;0;0;0;0;0;2;0;0;2;0;0;0;0;0;0;0;0;0;0;2;6
"GOSPODARSTWA DOMOWE PRODUKUJACE WYROBY I SWIADCZACE USLUGI NA WLASNE POTRZEBY";0;0;0;0;0;0;0;0;0;0;0;0;0;0;0;0;0;0;2;0;0;0;0;0;0;0;0;0;0;2;4
"GOSPODARSTWA DOMOWE ZATRUDNIAJACE PRACOWNIKOW";0;0;0;0;0;0;0;0;0;0;0;0;0;0;0;0;0;0;2;0;0;0;0;0;0;0;0;0;0;2;4
"HANDEL DETALICZNY, Z WYLACZENIEM HANDLU DETALICZNEGO POJAZDAMI SAMOCHODOWYMI";1,31236984427535;0,416233090530701;8,03881527107349;-2,75621636992802;6,47227581135628;8,24038338943722;40,095769775651;13,1222447015525;6,64786276944613;1,90423576810192;-2,64649480559321;8,68450677257166;1,73638569951456;11,2006725519618;-7,72796630054457;1;2;1;2;1;-1;-1;2;-1;-0,5;-1;-1;-0,5;-1;2;4
"HANDEL HURTOWY I DETALICZNY POJAZDAMI SAMOCHODOWYMI, NAPRAWA POJAZDOW SAMOCHODOWYCH";0,802979534934611;-0,616197183098592;5,88004705122651;4,15618788436654;11,5199317490393;5,89659300404795;58,0023449468108;3,8304458429784;11,6169806665797;3,41125559632085;1,18901895676807;12,180290869532;2,15844424328941;12,1638417429581;-5,47246958212839;1;-1;1;2;2;-1;-2;1;-2;-0,5;1;-2;-0,5;-1;2;0
"HANDEL HURTOWY, Z WYLACZENIEM HANDLU POJAZDAMI SAMOCHODOWYMI";0,809285931336882;-2,58208018657333;5,77885357127657;-6,95556669844937;-3,05182434215053;6,30543647280258;70,5984162872604;8,24245437379695;4,69449675878157;9,00853646705987;8,33557024986554;-0,690178667585439;8,62141511399169;5,45285231960777;-1,80061704824409;1;-1;1;-1;-1;-1;-2;1;-1;-1;1;1;-1;-0,5;2;-2,5
"LESNICTWO I POZYSKIWANIE DREWNA";1,2125918918758;0,665059411680661;11,3241388999479;5,32063081382777;-0,526401146234778;12,886248291537;-17,3563581656428;50,7460339431359;16,1522901941216;5,35376914560556;9,3573867777107;18,021337399361;-8,85574718301784;21,8215816290137;54,5656747706755;1;2;2;2;-1;-2;1;2;-2;-1;1;-2;0,5;-1;2;4,5
"MAGAZYNOWANIE I DZIALALNOSC USLUGOWA WSPOMAGAJACA TRANSPORT";5,99685373721222;2,75471051730045;8,87890519748334;4,24477131535533;21,0473982420088;9,58408761047206;35,0372942534503;1,13205790545964;5,45777927629472;7,08505867875233;15,9080565694121;18,6634331680802;4,50620551318378;-7,72557859179225;-4,87648154747401;2;2;1;2;2;-1;-1;1;-1;-1;2;-2;-0,5;0,5;2;8
"NADAWANIE PROGRAMOW OGOLNODOSTEPNYCH I ABONAMENTOWYCH";-0,407346037006351;-7,10895774009378;-7,91423475536548;-38,1989455591502;-15,164393099528;-6,69793314787183;-0,544546910427798;-27,819924845926;-11,9905749028363;-27,2389010543053;-18,1423113279687;4,96197625129885;-25,7473641323564;-6,53966513340052;-16,1885947840531;-1;-1;-1;-1;-1;1;1;-1;1;0,5;-1;-1;0,5;0,5;-1;-4,5
"NAPRAWA I KONSERWACJA KOMPUTEROW I ARTYKULOW UZYTKU OSOBISTEGO I DOMOWEGO";6,00123256373256;0;0;0;0;0;0;7,10482298268967;0;0;0;0;0;0;0;2;0;0;2;0;0;0;1;0;0;0;0;0;0;2;7
"NAPRAWA, KONSERWACJA I INSTALOWANIE MASZYN I URZADZEN";1,96780734242333;2,41608536078875;14,2373765666897;17,1391008460717;29,142847154354;13,5353072457387;51,395095102632;4,31386710183178;12,7305156750698;23,9975243894731;2,04705843073515;-5,71429342166308;35,2171542651646;10,186724582431;-10,0316719720672;1;2;2;2;2;-2;-1;1;-2;-1;1;1;-1;-1;-1;3
"ODPROWADZANIE I OCZYSZCZANIE SCIEKOW";2,19476310091193;-0,770580314230721;12,8893409409185;-215,249345357126;-119,571373791833;12,9233986620361;79,6661665622532;-6,3040127763774;10,95916007653;20,184893073025;5,49246859684712;17,1890087331657;25,2651886482921;15,0307527702437;-28,8818689606014;1;-1;2;-1;-1;-2;-2;-1;-2;-1;1;-2;-1;-1;-1;-12
"OPIEKA ZDROWOTNA";4,18671010923657;4,56203500950261;17,3957670102812;19,1283079007916;32,8310125629848;17,4826514794416;31,231774288085;15,876586475499;13,0284860869227;12,4864963877036;13,0078504209494;1,11303349088845;11,6163937438906;6,40966804196119;-5,4286827514712;2;2;2;2;2;-2;-1;2;-2;-1;2;-1;-1;-0,5;2;7,5
"ORGANIZACJE I ZESPOLY EKSTERYTORIALNE";0;0;0;0;0;0;0;0;0;0;0;0;0;0;0;0;0;0;2;0;0;0;0;0;0;0;0;0;0;2;4
"POBOR, UZDATNIANIE I DOSTARCZANIE WODY";-0,264555599811544;-3,1990299994465;5,77139399215134;-506,541359341627;-81,5555512021888;5,93658676157584;37,8259772448615;-8,34437940635583;3,22721787136305;-6,82717099352587;-6,00210552895619;-4,04513805919731;-5,39230664452722;0,978717923314516;-1236,73097742225;-1;-1;1;-1;-1;-1;-1;-1;-1;0,5;-1;1;0,5;-0,5;-1;-7,5
"POLIGRAFIA I REPRODUKCJA ZAPISANYCH NOSNIKOW INFORMACJI";2,64933325661105;-0,195967577442554;8,0717425005455;1,08738647548012;2,14001388093491;8,56807890867657;40,9986184683103;-4,27459386125641;4,68145383058844;-2,38295420023052;10,2514084644854;6,79975273915021;-3,82134379671594;6,28002380737287;-1,93774965182381;2;-1;1;2;1;-1;-1;-1;-1;0,5;2;-1;0,5;-0,5;2;4,5
"POMOC SPOLECZNA BEZ ZAKWATEROWANIA";9,68422382215486;12,3982999392836;29,3444501523639;-7,32283203436591;46,3699294648773;30,22209404219;207,665000234709;112,992218407507;24,8147910639905;67,0508903749654;21,2721509591724;99,1239943729475;66,5169803835311;23,2742637913069;-24,0997987589941;2;2;2;-1;2;-2;-2;2;-2;-1;2;-2;-1;-1;-1;-1
"POMOC SPOLECZNA Z ZAKWATEROWANIEM";-2,38171185539607;-2,58538366475677;10,1991248965907;1148,11825089988;31,3850284728785;10,4994139830612;49,2157714797262;24,575633758593;18,3186602703085;20,9949500358844;23,6541611465513;51,4441752991652;21,4068078010932;16,9404186795491;1106,76835430455;-1;-1;1;2;2;-1;-1;2;-2;-1;2;-2;-1;-1;2;0
"POZOSTALA DZIALALNOSC PROFESJONALNA, NAUKOWA I TECHNICZNA";6,94625816628257;3,04201348011232;6,19001187949804;5,6533105537632;-3,05402570464071;7,17197117649893;70,4875201044094;-21,0717082896185;25,7580517246432;10,5088132721805;10,2731023828139;34,8013589071833;9,65923764431358;9,835879746532;9,23487891197215;2;2;1;2;-1;-1;-2;-1;-2;-1;2;-2;-1;-1;2;-1
"POZOSTALA INDYWIDUALNA DZIALALNOSC USLUGOWA";7,13281497830063;0,793650793650791;2,21536382504718;6,04356504382539;16,9247648338999;0,897959301980111;4,54402019564531;16,1532407318125;-15,6730252785141;-20,3392364159129;-15,4786781208885;-17,8753035822708;-6,55968738989782;2,79800922554018;-7,21687992375373;2;2;1;2;2;-1;-1;2;1;0,5;-1;1;0,5;-0,5;2;12,5
"POZOSTALA PRODUKCJA WYROBOW";0,813395088049929;-3,34741163143708;6,7064275741361;-6,09117568023919;-2,01988561399449;7,500390863024;54,1912585799452;24,7428018968883;13,9017593999721;13,5757524487796;24,0573506525751;25,9414829023317;12,9084165956179;6,95776505995022;-2,95734079774575;1;-1;1;-1;-1;-1;-1;2;-2;-1;2;-2;-1;-0,5;2;-3,5
"POZOSTALE GORNICTWO I WYDOBYWANIE";1,09352006515127;1,03911122830319;15,6393231002282;28,7488050367434;28,0277505253646;15,3715749260201;58,5683805258271;18,2750422951429;13,7635437613349;9,1467523029154;17,5034748627791;6,09785088859386;10,3761015793262;13,2656263357594;0,857452982674264;1;2;2;2;2;-2;-2;2;-2;-1;2;-1;-1;-1;2;5
"PRODUKCJA ARTYKULOW SPOZYWCZYCH";1,6366508918644;1,26837674690394;15,0897265844207;20,4063046513631;24,1378935627802;14,1372340367034;66,8731179822025;11,3522197631272;9,15227005597188;9,44163095634758;19,8099251542632;-2,05317102609768;11,4788599616046;15,4463359952251;-2,05208965581167;1;2;2;2;2;-2;-2;2;-2;-1;2;1;-1;-1;2;7
"PRODUKCJA CHEMIKALIOW I WYROBOW CHEMICZNYCH";3,5583262651354;1,92152864392574;6,70380076181555;87,4384798909662;2,6849487535939;8,89556920352121;79,7148109199545;-5,6804461056268;7,74875506699899;-7,08192212903902;-4,09104938083204;23,0603133;-10,9447530202312;4,99888226589759;33,8855853708515;2;2;1;2;1;-1;-2;-1;-1;0,5;-1;-2;0,5;-0,5;2;2,5
"PRODUKCJA KOMPUTEROW, WYROBOW ELEKTRONICZNYCH I OPTYCZNYCH";-0,197833949209839;-3,52311809483124;3,68192443396007;12,875533761374;13,4386467663888;3,2451506866288;20,0684054116275;5,7496529959872;2,48123926701877;6,38630136826134;21,5367578485776;4,94714073275985;8,1212645125012;2,97259195960745;2,94339255363451;-1;-1;1;2;2;-1;-1;1;-1;-1;2;-1;-1;-0,5;2;1,5
"PRODUKCJA MASZYN I URZADZEN, GDZIE INDZIEJ NIESKLASYFIKOWANA";2,33054982425079;-2,87649346383013;10,3908168165084;-0,401848382993875;1,22836458117653;10,6122773475832;81,1436158722799;11,6693669777645;11,0268804801948;5,82133734837989;1,62403177362408;11,5267230554688;14,5535108137232;9,54954664214395;-1,37614288628091;1;-1;1;2;1;-1;-2;2;-2;-1;1;-2;-1;-1;2;-1
"PRODUKCJA MEBLI";2,64657592175046;-3,24171608183446;0,349866409694851;-5,51181909329157;0,674442138621479;0,136812724409;53,7720825794781;6,91136077858445;-4,95711675135523;12,2491620441427;12,0435363447357;-7,94559027452435;25,6962764639113;-1,22861014861076;-5,38368969171149;2;-1;1;-1;1;-1;-1;1;1;-1;2;1;-1;0,5;2;5,5
"PRODUKCJA METALI";1,03900166019841;-7,36919528223876;-0,169117592973134;-73,1582793755056;-58,0320811655226;2,58980950814479;19,1844297340707;23,2636685892073;-4,32281177905067;1,85781139344256;-8,17779436854256;4,41415517322494;1,83885741382416;-3,924101999326;-113,126586802704;1;-1;-1;-1;-1;-1;-1;2;1;-0,5;-1;-1;-0,5;0,5;-1;-5,5
"PRODUKCJA METALOWYCH WYROBOW GOTOWYCH, Z WYLACZENIEM MASZYN I URZADZEN";2,48758130391586;-2,17511721377908;7,4389299558016;-9,53638877675964;-2,31662250554932;8,12691855675518;57,2919219201708;11,2245856627333;7,8268197842349;4,05732853117583;25,7613010583421;2,84622644508652;7,13343373650079;6,14088991744008;-5,37216735947097;1;-1;1;-1;-1;-1;-2;2;-2;-1;2;-1;-0,5;-0,5;2;-3
"PRODUKCJA NAPOJOW";-2,34269229021853;-0,251670218299812;7,85846523993043;227,532859271833;15,9140890714388;5,25769474964831;3,35534223287391;9,3999969617742;-0,235385662663237;3,64260901843682;25,8091939115748;21,4095766263382;10,0890048766311;4,66190473472703;240,907868354774;-1;-1;1;2;2;-1;-1;2;1;-0,5;2;-2;-1;-0,5;2;4
"PRODUKCJA ODZIEZY";0,814628835621034;-2,3948886927896;7,54234047134895;5,61759507773842;14,5389261413292;6,49251595222019;49,925080830632;7,36519526739726;5,93337388643334;7,73346958981653;22,0651815488754;5,9061218935806;-1,31910211559051;2,89529656615881;-9,45094526544777;1;-1;1;2;2;-1;-1;1;-1;-1;2;-1;0,5;-0,5;-1;2
"PRODUKCJA PAPIERU I WYROBOW Z PAPIERU";2,07087598391946;-3,09281910817852;5,3830008449139;-6,48193550534049;-3,97209058339431;7,13177299140809;74,4898093934563;2,8973691338968;7,37493814675407;23,3081663610456;30,8214926518184;34,6676801376268;23,1639173499458;6,60906672369212;0,219741606281505;1;-1;1;-1;-1;-1;-2;1;-1;-1;2;-2;-1;-0,5;2;-4,5
"PRODUKCJA PODSTAWOWYCH SUBSTANCJI FARMACEUTYCZNYCH ORAZ LEKOW I POZOSTALYCH WYROBOW FARMACEUTYCZNYCH";-0,349181469871118;-1,85873740668261;14,2015860410864;14,2314240738266;14,6207347142973;14,2546159986638;76,0776046309062;21,3664485839849;17,3031383442373;-0,325571861094332;6,75718389954669;38,5578846770731;0,667810060382868;15,4928257583231;0,488569143312349;-1;-1;2;2;2;-2;-2;2;-2;0,5;1;-2;-0,5;-1;2;0
"PRODUKCJA POJAZDOW SAMOCHODOWYCH, PRZYCZEP I NACZEP, Z WYLACZENIEM MOTOCYKLI";1,59160039829912;-0,983016134907873;10,7197375556214;14,0999010250898;1,59363674060661;11,1278700942912;50,3652665525617;-4,53455360212899;5,75277386477104;-8,24504746167373;25,7694347830755;3,03956337569163;-9,5137021327328;7,28724425947946;13,6980300302926;1;-1;2;2;1;-2;-1;-1;-1;0,5;2;-1;0,5;-0,5;2;3,5
"PRODUKCJA POZOSTALEGO SPRZETU TRANSPORTOWEGO";2,07669945576851;2,27503852632334;13,5056964970614;35,1411964697079;18,4684145145031;13,2897094652646;59,0198162198523;22,2998184656193;13,0753686991626;7,93631297245143;25,4883509853536;18,083527275625;-14,6314761351225;7,17583268229502;9,33972859772423;1;2;2;2;2;-2;-2;2;-2;-1;2;-2;0,5;-0,5;2;6
"PRODUKCJA SKOR I WYROBOW ZE SKOR WYPRAWIONYCH";-2,28598460388464;-0,91324200913242;1,73936238883952;-21,5246781809949;-16,3251470964441;3,31664229479624;30,8045977011494;0;14,0275057260413;-2,58831658653154;-4,54375386114664;41,7123943907325;-2,81297516472377;6,80236348818256;-10,1902519412945;-1;-1;1;-1;-1;-1;-1;0;-2;0,5;-1;-2;0,5;-0,5;-1;-10,5
"PRODUKCJA URZADZEN ELEKTRYCZNYCH";0,974261181775031;-1,95037137641251;1,99761992725065;-13,8904724661439;5,64439955677569;2,89285267993606;83,8686049077832;3,80407416248631;3,84675185714849;-8,18674087475261;24,2748332873553;7,85687587588875;-9,55203484200547;4,58734826229582;-16,7427265021448;1;-1;1;-1;1;-1;-2;1;-1;0,5;2;-1;0,5;-0,5;-1;-1,5
"PRODUKCJA WYROBOW TEKSTYLNYCH";1,31351006474894;-1,82515849182516;1,28336259769294;4,00485560611263;10,1751382859171;1,15717210220363;50,0686691734135;-3,39711694499781;-1,47540920935636;-10,4121982745835;12,1243207703024;-1,84094000456874;-13,0164263825097;-1,65930788670214;-3,90237615347437;1;-1;1;2;2;-1;-1;-1;1;0,5;2;1;0,5;0,5;2;9,5
"PRODUKCJA WYROBOW TYTONIOWYCH";0,213675213675213;1,04377104377105;5,12083004956976;8,6212839580911;10,8139816290448;4,33352688392913;220,556801945095;35,7514783072188;1,58574854188068;70,5225647533857;74,2469243430393;77,2657627337604;41,2132712871208;9,61405439352658;0,101892135454973;1;2;1;2;2;-1;-2;2;-1;-1;2;-2;-1;-1;2;5
"PRODUKCJA WYROBOW Z DREWNA ORAZ KORKA, Z WYLACZENIEM MEBLI, PRODUKCJA WYROBOW ZE SLOMY I MATERIALOW UZYWANYCH DO WYPLATANIA";1,55892370855696;-8,78277363761591;-0,332865172688875;-26,7827560949389;-28,4268737779182;2,39075388565001;42,1442881297216;4,77140399393609;3,10711827488765;-1,77619907708632;-0,825433599322042;1,51608141761302;-2,69334227775965;5,77321041034538;2,43129365824183;1;-1;-1;-1;-1;-1;-1;1;-1;0,5;-1;-1;0,5;-0,5;2;-4,5
"PRODUKCJA WYROBOW Z GUMY I TWORZYW SZTUCZNYCH";1,55037865290465;-2,00217318578171;3,30977536641733;-4,62998653598744;-3,82240747709143;3,82177564384414;52,5454458074858;7,40668533992882;2,62988533409706;3,01702902974626;13,6098969554926;11,7275400117498;4,75866228748373;2,57261509947347;-0,617279466141304;1;-1;1;-1;-1;-1;-1;1;-1;-0,5;2;-2;-0,5;-0,5;2;-2,5
"PRODUKCJA WYROBOW Z POZOSTALYCH MINERALNYCH SUROWCOW NIEMETALICZNYCH";-0,371481490439026;-4,54311956869501;5,26641191408766;-4,68930146807775;-5,39493467257205;6,57146534065714;51,9860872146545;7,11233311893936;4,35926512442243;5,1543327574712;10,6201801604639;11,4763880825341;1,0528151482475;9,73874169945895;1,26279226628787;-1;-1;1;-1;-1;-1;-1;1;-1;-1;2;-2;-0,5;-1;2;-5,5
"REKLAMA, BADANIE RYNKU I OPINII PUBLICZNEJ";4,22814223004104;1,72118702553485;11,9236132036863;6,28803966776116;10,6769150036795;12,4814120141841;60,7976680673229;-27,4550275882567;11,7078091278185;-3,61441137228538;8,44047885708118;-4,45805587450276;16,9974697127643;73,9282016555962;-2,39939967967555;2;2;2;2;2;-2;-2;-1;-2;0,5;1;1;-1;-1;2;5,5
"ROBOTY BUDOWLANE SPECJALISTYCZNE";3,80023571276438;2,40321696074604;9,77980016710743;10,1195529307945;18,8183249167283;9,35240686258124;57,5251772909836;11,3977550048444;7,43269193186377;2,9177421172629;12,5571492050867;8,12920154543282;3,27050059264344;6,58214843573518;-6,75140075847556;2;2;1;2;2;-1;-2;2;-1;-0,5;2;-1;-0,5;-0,5;2;8,5
"ROBOTY BUDOWLANE ZWIAZANE ZE WZNOSZENIEM BUDYNKOW";1,47778377596693;0,711706369431216;9,46329125195809;8,61117977262664;11,4887031318616;10,0392986706733;47,4327367053091;8,610525708615;6,29408759679055;4,30418024803332;10,7272241414424;10,6281987487333;7,58869910789358;7,82764006147469;0,248441164883232;1;2;1;2;2;-1;-1;2;-1;-1;2;-2;-0,5;-1;2;6,5
"ROBOTY ZWIAZANE Z BUDOWA OBIEKTOW INZYNIERII LADOWEJ I WODNEJ";3,57997560385057;5,16110308906872;10,7011870128518;17,2023397444726;34,8867008884179;9,8632188100475;55,0187446920477;18,695254793229;8,93433514816681;6,29628019733911;14,9396051040144;6,58766262510518;-2,57731966261869;14,3684227141024;-11,9327745239703;2;2;2;2;2;-1;-1;2;-2;-1;2;-1;0,5;-1;-1;6,5
"RYBACTWO";-2,7014652014652;-3,84615384615385;10,0754020506649;16,818360945598;0,445524708310458;10,6033694478372;11,2503775707206;32,4292399749176;13,4817303205421;-31,5494916623048;8,80036677251147;16,6460513349153;-31,3193584217758;3,86059263601923;99,8744645363752;-1;-1;1;2;1;-1;-1;2;-2;0,5;1;-2;0,5;-0,5;2;1,5
"TELEKOMUNIKACJA";4,21008953041568;2,66730295605488;8,55067176846962;-15,3679037941841;6,38033182279002;11,3671725199008;76,7495499197568;4,77803259567474;15,6684696600202;19,3387116779059;-3,58464152042655;59,9656409232948;22,4410582107082;22,7624855888093;-21,8378994033715;2;2;1;-1;1;-2;-2;1;-2;-1;-1;-2;-1;-1;-1;-7
"TRANSPORT LADOWY ORAZ TRANSPORT RUROCIAGOWY";5,82390258240112;1,15305254376374;11,8399484931379;-13,4885357978564;7,14588943523015;12,8869848419043;72,3507138113934;-0,428401243249111;12,0022844325565;10,3887918160988;7,96038089505403;7,75536145581001;10,4534832410432;10,1868806912605;-8,53737696345347;2;2;2;-1;2;-2;-2;-1;-2;-1;1;-1;-1;-1;-1;-4
"TRANSPORT LOTNICZY";7,77679492849771;6,70995670995671;34,3284258448129;-117,886671624937;-805,705094449877;28,9289354457718;-5,5993956241365;116,754911030628;10,4028749276494;-10,6327934582057;15,3460970007575;386,041615334696;-36,0155177652107;14,7609471258219;-37,8591157852665;2;2;2;-1;-1;-2;1;2;-2;0,5;2;-2;0,5;-1;-1;2
"TRANSPORT WODNY";13,7301810676424;14,1520467836257;-0,636805531954964;-10,8071705500766;-7,47558835298367;0,410092381356576;89,9443677037701;439,298026467527;-8,04621244380542;64,6022887335373;15,9271259818895;47,6035879771495;182,992063951886;-19,370983405616;-8,00428336807623;2;2;-1;-1;-1;-1;-2;2;1;-1;2;-2;-1;0,5;-1;-1,5
"UBEZPIECZENIA, REASEKURACJA ORAZ FUNDUSZE EMERYTALNE, Z WYLACZENIEM OBOWIAZKOWEGO UBEZPIECZENIA SPOLECZNEGO";0;0;0;0;0;0;0;0;0;0;0;0;0;0;0;0;0;0;2;0;0;0;0;0;0;0;0;0;0;2;4
"UPRAWY ROLNE, CHOW I HODOWLA ZWIERZAT, LOWIECTWO, WLACZAJAC DZIALALNOSC USLUGOWA";-2,08466886874675;-4,21016302541265;10,8538594274508;40,3201278298444;98,3785205835767;8,57751905136766;29,5083870095268;18,1386558448866;-2,75766765254831;-1,63779804478654;21,2761233388618;-7,79305225999867;-2,24027895368255;7,47173783050082;-7,75830755295738;-1;-1;2;2;2;-1;-1;2;1;0,5;2;1;0,5;-0,5;2;10,5
"WYDOBYWANIE WEGLA KAMIENNEGO I WEGLA BRUNATNEGO (LIGNITU)";0;-2,22222222222222;12,8913577303598;-1264,37624760397;9736,54537908407;21,3644645747057;-3,18703666604887;36,8945007811106;-17,0994765446453;16,8792793546967;44,6500262047662;-63,9332843483161;7,89104696243013;24,0406631763868;20,6791097366314;0;-1;2;-1;2;-2;1;2;1;-1;2;1;-1;-1;2;6
"WYNAJEM I DZIERZAWA";4,56726532939408;1,48021766386185;6,49116259595385;-4,45494801307103;17,8709101340871;9,20525013742911;77,1218328081274;10,0615860923552;-4,87459895974504;4,6998529758301;5,46005455384037;-2,85890041031291;-0,293664710272888;7,1986658088983;-18,7372947728121;2;2;1;-1;2;-1;-2;2;1;-1;1;1;0,5;-0,5;-1;6
"WYTWARZANIE I PRZETWARZANIE KOKSU I PRODUKTOW RAFINACJI ROPY NAFTOWEJ";2,1671826625387;4,44444444444444;23,2284298784508;23,7584489374363;78,6342450061851;21,2418450761637;13,841549877774;0;26,0197500335476;-7,75068748702519;21,677550124855;80,5997352832686;-18,6437667398455;8,94305430718125;-16,3368113289454;1;2;2;2;2;-2;-1;0;-2;0,5;2;-2;0,5;-1;-1;3
"WYTWARZANIE I ZAOPATRYWANIE W ENERGIE ELEKTRYCZNA, GAZ, PARE WODNA, GORACA WODE I POWIETRZE DO UKLADOW KLIMATYZACYJNYCH";1,4442992805659;5,0367209059296;17,5542513485855;-148,080398360423;16,6248398960678;19,196203554918;50,1161601475471;11,7084720875176;-4,84753573205368;8,60360346276152;-3,87330644862922;35,5932847609555;23,8394163891091;6,19660861355315;-121,686612922883;1;2;2;-1;2;-2;-1;2;1;-1;-1;-2;-1;-0,5;-1;-0,5
"ZAKWATEROWANIE";6,20721320602557;12,95233987745;38,5304374995844;1056,28150976715;-66,4696561163402;28,4723037704983;32,8889439958109;20,0144469259367;8,58875747099813;-2,42186990320256;4,63970716653968;-4,5154146760122;-2,11475823709526;6,73532633861337;-801,809949463335;2;2;2;2;-1;-2;-1;2;-2;0,5;1;1;0,5;-0,5;-1;5,5
